,Local LP0,Local LP1,Local LP2,Local LP3,Local LP4,Local LP5,Local LP6,Local LP7,Local LP8,Local LP9,Local LP10,Local LP11,Local LP12,Local LP13,Local LP14,Local LP15,Local LP16,Local LP17,Local LP18,Local LP19,Local LP0,Local LP1,Local LP2,Local LP3,Local LP4,Local LP5,Local LP6,Local LP7,Local LP8,Local LP9,Local LP10,Local LP11,Local LP12,Local LP13,Local LP14,Local LP15,Local LP16,Local LP17,Local LP18,Local LP19,Local LP20,Local LP21,Local LP22,Local LP23,Local LP24,Local LP25,Local LP26,Local LP27,Local LP28,Local LP29,Local LP30,Local LP31,Local LP32,Local LP33,Local LP34,Local LP35,Local LP36,Local LP37,Local LP38,Local LP39,Local HLP0,Local HLP1,Local HLP2,Local HLP3,Local HLP4,Local HLP5,Local HLP6,Local HLP7,Local HLP8,Local HLP9,Local HLP10,Local HLP11,Local HLP12,Local HLP13,Local HLP14,Local HLP15,Local HLP16,Local HLP17,Local HLP18,Local HLP19,Local HLP0,Local HLP1,Local HLP2,Local HLP3,Local HLP4,Local HLP5,Local HLP6,Local HLP7,Local HLP8,Local HLP9,Local HLP10,Local HLP11,Local HLP12,Local HLP13,Local HLP14,Local HLP15,Local HLP16,Local HLP17,Local HLP18,Local HLP19,Local HLP20,Local HLP21,Local HLP22,Local HLP23,Local HLP24,Local HLP25,Local HLP26,Local HLP27,Local HLP28,Local HLP29,Local HLP30,Local HLP31,Local HLP32,Local HLP33,Local HLP34,Local HLP35,Local HLP36,Local HLP37,Local HLP38,Local HLP39,Global LP0,Global LP1,Global LP2,Global LP3,Global LP4,Global LP5,Global LP6,Global LP7,Global LP8,Global LP9,Global LP10,Global LP11,Global LP12,Global LP13,Global LP14,Global LP15,Global LP16,Global LP17,Global LP18,Global LP19,Global LP0,Global LP1,Global LP2,Global LP3,Global LP4,Global LP5,Global LP6,Global LP7,Global LP8,Global LP9,Global LP10,Global LP11,Global LP12,Global LP13,Global LP14,Global LP15,Global LP16,Global LP17,Global LP18,Global LP19,Global LP20,Global LP21,Global LP22,Global LP23,Global LP24,Global LP25,Global LP26,Global LP27,Global LP28,Global LP29,Global LP30,Global LP31,Global LP32,Global LP33,Global LP34,Global LP35,Global LP36,Global LP37,Global LP38,Global LP39,Global HLP0,Global HLP1,Global HLP2,Global HLP3,Global HLP4,Global HLP5,Global HLP6,Global HLP7,Global HLP8,Global HLP9,Global HLP10,Global HLP11,Global HLP12,Global HLP13,Global HLP14,Global HLP15,Global HLP16,Global HLP17,Global HLP18,Global HLP19,Global HLP0,Global HLP1,Global HLP2,Global HLP3,Global HLP4,Global HLP5,Global HLP6,Global HLP7,Global HLP8,Global HLP9,Global HLP10,Global HLP11,Global HLP12,Global HLP13,Global HLP14,Global HLP15,Global HLP16,Global HLP17,Global HLP18,Global HLP19,Global HLP20,Global HLP21,Global HLP22,Global HLP23,Global HLP24,Global HLP25,Global HLP26,Global HLP27,Global HLP28,Global HLP29,Global HLP30,Global HLP31,Global HLP32,Global HLP33,Global HLP34,Global HLP35,Global HLP36,Global HLP37,Global HLP38,Global HLP39
0,189.2107585,57.13711028,75.24255677,1.311849357,102.3175036,17.10405606,58.32979218,13.46997283,26.07658836,109.3366097,3.22731605,76.48707503,17.82502459,39.64712224,11.11237985,38.78814127,0.719252884,30.72175196,80.33920217,24.98453989,96.82216593,60.34110679,9.557566922,24.76306258,76.03471596,44.61863528,86.86976368,24.00267755,101.1470008,12.64833991,76.34485276,194.0501704,38.30576451,172.2675095,3.953901595,33.83161652,131.0842504,3.7918064,133.9043097,124.3671235,28.61501678,38.89439219,53.61078123,38.12485808,27.46436727,184.7291464,7.771415381,60.57836573,21.64041039,31.52918692,26.10683982,21.6757759,45.00541819,1.738168534,32.47068927,5.842216965,39.10482368,143.029806,1.596279371,20.86529868,85.69554143,90.84628031,100.7624289,78.70768108,1.628534873,19.43590138,25.97493753,12.49592471,120.4288061,15.93977669,197.752661,107.1713896,19.64610258,7.411212154,83.73777881,59.02716032,22.16504833,13.00264542,40.37019889,7.748778882,21.94370263,22.53064539,64.02214676,178.4739653,17.08319158,5.428355584,46.93050668,31.20868346,105.9389647,1.859080728,19.45495689,18.21626252,20.14957863,93.4138007,122.6902511,5.426008687,22.22669819,98.12399024,15.4088497,22.00347072,41.18131712,48.24869102,0.494845623,139.1019452,136.9048255,31.06239817,16.98109175,89.99171891,11.85365963,6.995819186,97.21355035,1.290754107,87.69169564,87.54390521,15.81957572,7.193374333,0.738879858,45.2585668,0.542681506,11.64525886,38.1599893,5.955300943,51.19460641,19.89635281,163.1665275,102.4843801,53.54283038,45.32636267,9.132844758,53.45352506,27.61526155,3.920124038,98.50239399,91.0794252,2.491316814,68.08187045,5.02022156,3.782816028,125.3147711,14.14295949,11.9583045,34.32472266,0.580595117,184.8472146,91.84530806,126.856908,180.3849328,116.4289417,35.45433953,82.35955117,58.75496518,22.31431493,145.6418968,24.38197175,42.70881392,178.8383431,136.3908468,9.879913681,24.61652478,82.52782473,4.075984192,5.582905975,50.49553366,83.17075782,9.35188661,50.46310786,15.20301825,3.027200868,46.33755967,6.833848548,38.1218613,5.637680474,19.69110439,26.04427282,79.42309303,69.24410395,73.25124212,43.89438053,57.33203037,41.54707554,73.35918563,46.88641019,9.008898889,129.7391299,95.87770319,3.334374859,50.59627594,143.0766276,79.41270624,44.63356899,55.88076604,58.54427216,206.9800843,117.870326,8.285993923,3.279844788,20.81132064,22.00394274,130.2511257,175.7668257,171.770884,63.24356174,21.28357577,77.4131737,88.75619455,92.2061094,28.36661923,17.199419,88.97234282,7.086580744,3.089127557,19.3167454,23.93774831,32.28376486,26.35558665,15.05490911,0.679886369,94.75543595,54.33538843,21.0727784,161.1908689,2.395796756,3.343319882,152.9390389,23.41852712,11.03104023,5.076076852,40.07371732,75.0015702,5.787746489,1.992022588,46.54840887,37.08157297,62.13402132,159.888126,9.929468165,13.06267834,46.22878332,71.71121253,13.73874246
1,3.913953986,103.2933172,18.33894441,59.92259117,88.71638055,4.732072749,32.23674743,69.72310907,1.830686437,16.58936818,65.91288568,74.42027867,33.20102191,2.572378051,2.349515754,25.36659564,196.4268541,116.1989131,57.48372129,97.40523905,132.9232142,33.12728918,33.2304075,126.8992107,42.96954576,44.50183384,50.32583636,4.779516315,143.5652286,95.69587166,81.36377164,89.04443871,30.31210924,64.91740181,33.82147115,71.33093156,18.87019431,37.34394552,22.49314394,16.85457327,64.46068098,41.2656656,87.23913342,163.7693677,21.61157969,106.7802457,19.4234896,31.41736201,2.30993259,50.61178118,60.25738784,17.23652309,11.63983908,22.35829132,0.779222866,161.3039548,20.00250255,18.84286476,185.5120672,9.176556158,68.23448959,55.17851752,4.138257694,37.10903173,24.80392928,34.28874941,27.15507044,27.2694688,9.247274282,17.45590856,2.135761133,22.08276568,56.07540459,22.91642098,14.11088042,7.07167448,24.33929439,21.70621693,36.21680212,36.49499989,53.9363657,31.38600401,9.965550832,6.453199131,25.47238088,78.0499236,60.86606409,35.61429318,106.899241,8.318915595,6.077952532,51.25924324,8.344369605,93.36293601,31.03381916,135.4249052,15.85602486,24.61064,118.5617262,18.02082764,49.82030103,41.97969684,31.75807407,154.6986658,213.3902753,48.43075915,75.62247488,65.6924464,5.957794194,69.04251538,8.055965599,44.06752468,4.560580198,8.749319615,34.00942162,143.1648845,53.55700481,99.93539375,21.06393491,28.86858304,9.058496576,98.91391291,19.49574039,151.7966229,162.9380473,17.11845546,3.612088044,66.38210782,87.66123905,83.99982066,13.59553335,14.13267526,82.8527245,71.95310646,1.018199414,1.887791416,50.57342931,19.32034049,20.27659172,10.71986403,14.31472878,35.34007174,15.83311429,15.81157483,4.748080411,25.05104102,23.82716761,17.26816433,171.82295,32.43110189,7.670493962,253.7169935,99.28956698,19.9235764,164.5293761,4.656350103,70.54691011,22.08563812,76.31801194,6.75213416,23.69305983,28.91351258,29.46111296,18.94267358,19.8024611,48.89445417,134.9741064,30.70647513,0.792306871,7.434046012,19.38238875,4.945571855,2.682839425,58.743917,25.40995312,22.21430663,56.21333831,17.12383668,35.76255842,149.0629778,84.59242607,70.88539954,99.73840525,42.58641996,29.958067,60.05558225,65.94518638,51.73474426,70.85280715,13.92147549,5.103352378,7.736317576,29.60440608,19.579527,18.00668627,3.22041441,59.16664074,74.20639072,179.9532858,18.1135746,33.02526301,10.73183393,89.95272848,38.44620637,85.30345901,21.77118945,21.34613095,9.862277519,193.7735154,63.29435448,200.5586365,117.1883791,5.410853045,29.78358689,66.83588203,71.34248284,31.65860477,22.17496407,1.581343711,12.4154916,121.9252756,112.0034144,32.60184913,65.14588106,85.02983123,7.71801449,55.08930635,5.4503394,38.39228517,31.02935025,15.78275048,52.49633667,5.205090005,1.969300009,79.50179346,42.5941706,68.21382924,21.06876536,15.80239594,90.15764386
2,42.9090625,69.91186434,46.98344365,24.07416959,2.640043906,12.76415229,25.37730054,18.2209282,27.4551488,192.1354288,71.98411486,18.77649272,22.5933689,56.50374534,0.75972928,22.46377249,59.7464591,9.753862835,3.475674199,11.76270265,49.36610116,55.94371709,18.71716332,21.58180546,17.8331776,23.08430931,3.995938698,194.8015241,57.78801046,66.15776351,59.15132141,113.7070543,3.899769549,42.59975687,141.45075,44.0408708,42.33433822,25.87093638,62.72616535,32.9233991,50.87044487,111.321496,24.74832625,62.07154013,3.083237791,96.11611947,20.40243007,80.24131266,126.3824125,59.49832667,136.798166,134.3698164,56.47721878,63.2617288,5.790022845,49.82950853,12.74280709,24.87549932,41.7778467,75.63914602,64.52405858,15.75442886,1.487873694,32.11751588,3.000902984,8.622988497,33.98687717,55.6761046,22.17773876,253.3330687,101.2480004,70.14353531,4.26256377,2.683690129,17.19752354,28.80072822,27.954715,186.4635165,11.9500452,2.98126524,72.03822517,12.12329029,48.4941502,34.7979072,24.83276613,97.40882048,37.71795405,124.3634603,10.36993382,63.71774273,97.39808649,28.63344213,165.2236523,9.317303301,44.06487419,2.64420253,57.22775907,86.3934326,25.96961417,50.03628635,151.2896233,32.1008523,12.78407011,38.11195015,10.37408188,210.8110697,6.833583284,58.84586721,70.77455803,12.48991565,116.1415981,100.7426956,17.5007417,11.29255671,71.10334793,21.48797959,108.6509648,2.292618007,261.37806,93.09649557,107.5986303,10.88437085,63.96605822,13.65475863,21.12655913,22.95735969,144.9517248,28.38049057,22.61552383,110.9106229,72.84906142,3.497140494,84.70220016,16.64965483,118.1823916,8.013759945,0.452223289,36.84923567,39.3178991,9.848121028,15.00520945,232.9292063,10.0371245,108.4936716,166.6418569,15.9284311,25.66597822,109.3247085,114.5461454,161.7309894,35.68524619,22.90331403,134.1888151,99.69785782,3.738529446,8.614828722,45.42573651,47.39318929,3.527212894,24.40960832,12.19585699,60.83610559,52.21580003,86.99740143,54.14213273,11.85796882,101.0829149,19.64749698,17.26226742,84.40389824,71.78057984,37.22644595,162.5570634,7.471246718,20.33937183,4.304936893,3.940831193,15.89546581,72.07481608,72.43886268,2.31900618,2.761949179,78.23671778,137.141268,18.90246523,14.63760512,52.4168618,64.82489743,15.81414053,24.92789689,17.40742635,97.68600833,12.59126365,24.45534603,21.80580981,96.90233817,36.32655859,38.24059388,144.5879155,21.33378654,9.829433199,18.40200911,47.93063087,3.494221447,55.09219487,135.1072926,35.00211655,25.14736771,123.9259581,56.12000395,13.87707278,0.876419547,17.03649532,104.7734969,154.7067098,93.17223181,1.850059264,22.90944207,93.75726263,137.4778371,29.76561809,35.3308694,17.65073991,4.088459416,47.59028644,19.97010952,41.39646986,48.21434329,12.92732761,81.88154024,89.35719257,17.20714512,68.00593169,93.63784994,3.62977876,92.34859252,5.854690698,24.20365952,50.88731975,57.55128781
3,170.2848196,121.2261556,6.891844204,61.6175771,48.68146919,19.88872896,57.27640235,34.58544183,10.25511941,100.0053837,44.81433229,7.830090574,191.1089988,4.403495776,28.77268464,35.478254,47.16000651,50.13441129,7.677953089,10.07889992,87.24359078,29.2157506,104.0684159,117.1742155,44.89347871,16.31032419,140.4516949,67.38820015,19.62074076,158.005682,31.30761895,18.89521724,96.63702594,22.73656712,89.36116745,60.501621,106.2955986,2.592927795,28.43576344,17.5264343,144.1069685,64.41478942,25.86936513,57.62270648,93.13766441,10.51338451,5.271201888,133.3002054,15.43060458,35.72416701,126.1967825,107.7195179,58.08674175,68.87490817,11.62886673,12.0553804,22.43315496,124.8365169,110.9939022,21.8710473,126.8122663,134.5393712,27.92207757,53.79754245,171.8599565,131.3012302,90.81260136,177.8096415,72.77692284,184.7585521,18.06714523,16.45417937,19.25028671,17.512749,230.2059331,160.0914779,6.540456115,30.93450026,85.97415354,120.0328527,182.1549289,21.1280477,109.2000208,17.34582132,14.50597978,20.43732437,7.759315297,104.2270759,6.505402419,46.32225339,55.50998922,27.75987796,15.57916721,147.610073,120.7819362,16.56543434,15.27604023,124.661466,34.39558938,74.62812663,13.22419137,38.802843,40.76098751,26.68078372,37.77441123,208.3649971,37.28635678,18.26758615,97.59803324,39.37446205,24.29752569,169.7694393,43.94915312,25.44431195,0.578918256,48.93879109,175.3541473,1.123352036,83.53263118,9.977022445,108.2171162,150.4885184,17.8365186,11.22717159,24.13680552,23.30345584,48.42908105,27.06334796,72.71435571,15.37306026,47.8954464,155.7144032,14.24572141,19.75250487,14.80840527,33.75747982,13.78679236,25.90706082,106.2382441,27.51892854,27.29122275,61.725686,21.21906961,144.0775975,6.908228049,28.83063425,116.7764524,37.95635124,30.40303457,117.7190833,24.61066467,122.9069901,16.75913645,70.32259631,142.6493013,1.555232992,137.0775581,22.41763146,30.58412843,19.29014799,63.92036921,160.9011445,25.19162078,94.66322152,176.9099859,3.412664735,58.54667709,118.3346111,130.7078485,83.67093876,27.46722837,65.54248934,21.10298614,12.43150107,188.5489592,22.74292443,5.5545102,22.03655206,116.1650302,89.79847554,9.765636853,24.9239633,9.930431003,24.43872441,19.2758572,15.736582,39.90148958,52.32331945,2.899189637,36.0584226,24.0460701,7.825262513,41.63294883,211.8572556,242.3334337,32.01882784,15.79152507,163.5817765,19.19053599,92.49038064,18.93726862,58.31423612,9.328480326,28.0510693,1.092958266,5.851619275,158.6763877,23.31095246,166.8135839,133.7808184,61.24127179,1.893554062,58.51124691,195.7118168,66.3690889,6.619246435,36.3507165,147.9925569,156.8067128,14.14763545,107.721162,106.7726548,19.04867504,12.03590541,118.6565673,17.84233572,36.39637427,35.16489246,49.7968772,35.36622985,115.0592548,18.86017606,97.79147345,17.53896865,19.50720602,45.43016948,114.9562224,142.0973996,18.38353954,14.23324361
4,1.262073821,25.34824856,95.06789978,28.01981407,94.26747792,17.17900173,19.7194654,112.2711966,100.960155,23.57660949,132.8722552,33.03174917,8.581685286,58.68371853,49.35113719,12.02719811,4.367017405,42.52278114,28.55820873,105.515106,54.86110989,174.9390105,0.473842917,84.7458643,107.9254266,18.64437396,82.65218036,38.4374557,58.08763483,0.421898044,108.4142322,3.374465866,125.5797592,51.7251475,21.38745729,35.32305418,45.70721953,9.904533098,19.76397374,19.21098275,23.41226687,43.21672618,175.336714,59.76926294,3.168935008,107.1974129,178.1438144,17.62765509,75.66406127,25.08763508,35.53046753,97.69940442,13.33119725,16.88880119,20.49006507,131.1698141,4.478227456,26.92115761,15.00316825,14.72757043,42.75825809,1.352550045,19.02559394,15.00182583,121.0073865,7.675850299,23.51927697,54.05089656,59.3329845,123.8661846,16.65094457,120.5562852,5.287741283,17.20441255,73.85532241,19.91404038,81.43047311,36.74488647,27.80575611,103.2650191,37.74067462,80.12127586,18.36908952,65.02438493,13.46790852,82.11905183,28.10276105,6.510528541,130.1045408,97.38337968,40.94556576,35.39971759,89.36594562,22.48585104,113.1586979,13.39198491,121.0224734,24.66022578,14.13583943,11.44388566,19.17928183,57.30873625,83.77359831,97.15153829,53.86246189,22.18107061,6.784768595,115.0444233,88.89059394,72.43372509,10.31874525,19.31960408,190.7087075,134.2518201,117.0642288,11.8014087,25.05019849,15.53496359,48.5965004,51.3849751,129.6812995,26.11731504,113.9991466,8.399402781,117.5844494,7.412291457,9.650054876,119.1683848,15.18604251,17.58759701,54.31796488,54.9425157,61.16847003,24.08236809,101.6982532,5.836791201,3.353370648,6.085433567,58.50630403,25.19230021,111.2698905,53.68436753,29.18056572,67.95388958,18.05365021,5.485266787,21.86965843,15.92133079,3.511952263,170.5792205,88.27538953,32.14487957,1.184392228,20.86382573,79.00351468,3.125248177,210.1901311,118.3008762,25.40931726,1.051963574,20.32764167,31.00954259,11.01428406,32.26960787,44.55514478,15.36959953,96.06021413,77.25031504,53.14518709,125.9741402,76.36213826,93.58126364,32.79169351,10.93400824,235.4859311,3.729778918,20.78468072,181.266307,30.09864214,13.55988463,1.494497018,16.00353367,60.11563619,37.51586001,15.33223312,140.0964207,5.488640737,12.4783102,81.21576094,40.63905185,28.66566753,6.371138932,58.25574729,38.3270157,146.6759459,172.1164849,39.0725909,55.97348838,72.36983372,20.26767977,21.09687519,32.79179279,56.11969392,88.91559164,15.93374299,47.52257716,3.993184778,24.11563298,63.33280115,13.50969725,5.482217206,72.82243195,101.8331027,13.74308212,12.01553885,14.63757728,118.5435667,24.73770419,18.65871012,77.3317526,59.21941848,5.905481646,133.385764,5.05726845,99.5014174,23.14265749,55.99493065,88.02940777,56.53725896,20.33817127,165.6219884,78.98386088,2.267952615,156.4272815,29.80575133,27.40727339,23.53480449,29.16741564,121.5808121,15.33417376
5,15.26123418,30.61863952,44.76238863,79.41596183,23.80590834,166.5487882,176.8085922,63.01341213,97.71555571,131.6666906,91.99028925,24.83979196,112.4237328,16.63795125,18.63882087,40.9040197,65.5518453,27.39753134,28.1431605,186.7894752,55.84276481,25.7610659,7.785053986,107.3887252,22.14249018,16.76135019,20.81651393,63.09717389,7.215794149,140.6320458,3.511463003,133.8178716,188.5900843,34.99997974,100.9691015,1.269312788,83.64051997,44.28683536,184.0700125,40.68642278,13.16269394,115.5368386,11.86959489,26.88138019,2.615636013,5.581265246,81.23145712,34.89034802,51.22630453,110.7155433,26.1882912,96.81449704,23.18523279,84.21316584,7.038532604,3.717976251,22.52069634,71.84085438,66.66293803,13.32178034,129.4171258,97.36454362,19.75220988,37.87245582,5.465218838,3.852884039,73.43078816,70.80960012,176.2919197,16.98875668,193.8476277,27.94145266,27.86393433,21.90459244,19.33976038,62.77920846,2.755664875,48.03601463,54.34706114,22.07728193,75.23416373,76.97216085,35.22915992,110.880072,20.78901456,12.38657414,4.722682146,17.1230018,11.93139198,86.53698645,8.663682668,19.58821022,10.1096313,67.32382722,125.0307447,6.794069416,8.462682737,7.737073947,19.53511954,45.88409989,84.90262088,99.99956648,4.851409417,73.75458025,20.60047852,91.37260676,26.21279641,59.25364197,20.67321055,140.8702413,103.6587511,2.43150683,31.62536078,13.56258512,52.06279427,43.75851032,105.3454321,6.651704608,20.78034558,20.27708072,11.20992884,15.29859076,32.75066741,31.72275652,5.813723974,34.10806596,8.766687486,7.357113975,1.073479335,93.29499623,169.5710554,16.30029814,95.05279063,6.113524208,76.86803094,33.00379925,19.68512824,54.47572964,183.1029054,16.58446244,155.2560816,62.97348791,174.9791978,0.516674062,151.1012671,140.6750636,4.872606127,24.29214879,17.31423094,88.88860463,62.65178002,176.3950096,19.0456781,10.85166881,22.15138429,103.8920041,118.1306575,16.00721659,64.49876922,55.9389521,1.405719347,44.20927137,23.19483429,19.11523606,102.2758232,7.133609089,3.383184457,8.740026323,8.755384213,16.47587659,16.4144433,166.5296306,40.29872896,138.5176955,18.61295552,21.98858012,108.1806589,58.31435804,0.881401132,32.94734345,19.10188461,9.889874099,101.8292529,56.09481743,76.99586195,5.912883985,184.0545411,66.56484839,15.33940908,14.30915069,57.61114084,16.6720125,15.73358545,53.05926174,122.787936,30.19216868,24.05154998,55.05997854,155.1986883,17.83688722,55.54603142,96.56663436,16.61446963,72.13662028,136.342269,49.39268686,11.75671156,2.084694801,15.45722346,94.20533424,38.80043336,85.09273279,211.9694262,29.03107484,46.39460662,130.3368441,16.92494619,112.9645483,173.8668106,16.75575992,171.1412449,15.02818862,127.5151245,111.134882,22.73959346,112.2145165,19.49902164,66.74844081,18.26867664,48.63193791,182.7191123,54.77354841,30.54145959,20.38270312,150.9480066,87.23800668,28.23485746,90.63902361,57.10827601,78.6092769
6,137.2657397,45.65331122,41.57136444,36.60331843,22.43281986,136.7542174,57.64387755,124.6739048,163.9783816,39.98044367,77.91748005,37.89209652,2.225265206,23.91133837,89.32847777,109.0449421,13.51495111,19.58237619,176.0142282,60.97013634,19.20802239,17.23068858,19.28042203,62.60021083,4.459740477,95.44633885,21.294721,35.52725063,42.1180807,12.32574766,144.3633486,13.59700861,78.17846109,56.17502558,104.6627289,12.11720098,33.5509487,12.23027041,7.696362137,67.61066596,25.06264412,4.493371308,20.68442609,95.18538324,146.6895578,75.14211824,47.94550772,83.69663347,13.74548536,56.56252107,186.9153404,55.86656485,26.17710746,38.76155832,18.88276899,81.03669904,122.3877609,51.03019729,71.73155264,18.98071141,0.552135623,49.43054103,104.2788784,22.06733997,1.921947573,6.281788371,24.49051051,3.485144659,141.3626175,62.55838054,59.00761218,16.24737172,183.5308789,175.7354508,35.48501296,100.3448121,1.817331723,87.50197933,91.40699318,21.72599683,56.62756595,29.46227401,6.908442528,54.339122,20.71152659,117.2281883,2.00645524,46.3068447,19.64285657,71.598687,15.99750426,78.52817268,193.8331646,59.43479931,214.5456828,15.16905938,5.861150041,2.480674784,92.80625668,28.74673296,69.82963755,3.12805943,97.40316832,14.19391587,125.8786294,30.01869952,34.49718538,143.0546698,115.5278595,27.12195047,8.116933799,10.03549201,21.47273963,6.684815961,16.92000629,167.9946647,89.07420925,46.44565693,26.79827855,151.433922,16.47909351,99.55467027,133.3213102,8.121044754,52.85762398,33.53841778,69.02334326,151.0157929,41.91192757,1.576401569,129.4372026,7.61869929,27.70782238,18.19681739,8.946654665,59.76873702,0.728376907,60.06596747,48.18057564,52.41241112,4.012653181,29.31911111,1.480292672,57.82291224,11.16087249,51.16721429,17.88209862,26.84944065,183.4095519,29.93196271,11.99406023,27.51301123,11.53183825,14.78826554,7.369265886,38.74287641,3.70834532,28.21483431,2.116459053,2.052509498,21.70078594,0.738365411,2.17553124,77.46347209,12.25306318,3.383744076,22.2518163,62.8381055,25.60434432,132.110336,0.543502468,24.67943281,120.1690202,5.307623501,31.74333343,20.02507322,31.51505746,132.5259081,11.22015446,17.24695226,55.5302936,8.28499149,4.799669425,14.70203184,27.41179648,78.41592763,32.49349065,15.90484299,15.74902515,41.43799404,44.24652182,98.26687672,17.1025044,7.995387381,154.3058205,201.7510515,30.07342246,16.4185819,74.30757612,10.2743501,71.43635569,57.08416612,0.706137617,15.20475186,42.87208835,131.3383791,36.99890867,81.04679902,4.613935479,76.28289718,74.18024578,69.27148369,42.44378589,0.61217592,21.25500363,15.22064728,96.15787365,40.94560327,5.090885666,13.25106688,51.95432658,15.93677916,36.43651346,11.86659847,48.12539204,56.05613614,179.9051648,68.07399791,17.06882383,69.38607757,87.78289733,5.368644363,23.93437181,136.9377555,58.14819517,51.80047163,1.953390464,20.5755299,95.05837056,40.18969471
7,124.6082403,78.12870965,131.8109671,1.055950865,43.96418451,103.4672109,28.52955825,175.4094581,28.20504642,69.84344115,28.90442126,0.948447509,4.06609442,24.0887349,14.7465014,41.39459798,18.44564466,14.87407225,16.26040865,5.71850354,43.52059714,24.64403142,39.99058098,59.96266727,60.45747101,181.4694063,10.09108586,17.50453022,162.7712498,13.78448049,40.24157091,11.87209742,10.32531339,85.08117988,106.0635025,98.20218997,30.8277878,31.55830014,75.16220588,66.72633017,20.4109121,29.1010029,90.12540052,136.4890408,20.33394621,13.66348142,35.61869573,13.59329615,65.01903317,129.8787327,9.854901902,7.121820272,51.91851149,90.55825446,17.94285275,201.3106667,80.45083602,115.1300174,33.63029174,19.45376279,25.19028981,19.64529145,50.07345277,97.32432986,12.08612956,19.35892165,168.494082,18.45753895,72.11704552,86.59374218,20.60056743,56.39399424,25.63159732,1.715941723,40.42662273,151.5594165,8.110806233,170.1826933,8.398306452,37.59504369,114.9353643,96.08074667,40.58604042,20.53651084,112.0739914,66.42121785,1.797215492,19.59938472,144.9827128,31.32877924,7.192572018,116.6261514,32.70427891,62.81186754,9.424474489,19.15995488,64.63763498,47.87967091,21.78145425,54.85434074,23.37437017,2.192609302,23.23609664,8.862571267,15.30590821,0.632586528,89.15067237,60.16395729,8.145167217,211.9583343,127.7533996,35.45407809,53.49848156,7.988485215,164.861415,56.69923921,42.82254093,279.7564945,15.3284984,11.07769725,141.1524246,183.314062,2.594460035,15.59845993,7.807014256,6.603960089,25.8440994,178.570011,2.145210631,15.25582939,96.93814491,30.94044803,115.414341,29.98881989,4.878735485,85.26551841,47.26462419,112.8323441,6.085729738,64.70532921,108.6861275,30.49018656,1.914269306,7.142027603,10.06345873,25.7694983,3.947754976,135.943598,5.247765032,28.37055482,104.2286046,24.53951142,119.4697546,13.70336261,21.02712209,12.67214568,46.0805574,4.98266421,128.6527828,5.229540376,14.67228114,19.63335324,3.087721693,122.2651231,60.54421031,181.2982554,9.361511931,1.028954486,2.854593664,74.04625379,11.05184096,29.54421359,29.26511114,52.74754421,3.388940573,58.71373323,23.68676793,80.94273467,39.01749419,131.8160667,74.79838028,123.7142146,27.40179618,53.13853585,27.34070231,4.010075795,237.4590114,18.61272421,179.3439533,48.08041877,4.874735401,11.84319294,46.44107859,61.10298734,73.09315589,26.13816725,17.01395817,181.852099,66.08082888,123.7970357,91.9300884,18.03599145,80.60235771,25.97688999,136.6001123,19.58565866,49.8389101,104.8639033,113.6409303,67.72246265,11.83722471,16.71631625,18.05958614,150.4572773,3.477579982,144.9011538,56.34144172,78.09841952,133.4637871,9.90106338,3.186307763,16.70688712,112.7680012,9.543210547,3.825010481,83.91299893,30.63717059,13.12861162,9.182766286,27.9457695,3.889668906,10.12929424,249.0179209,28.35741177,16.08566994,201.7300373,121.4266272,132.0883681,13.8149937,6.685186332
8,4.76923925,194.6914058,173.4134193,20.07844643,131.2352032,8.648240784,19.46888412,112.1959421,10.95089054,5.508688565,23.66839651,144.0040057,19.69048783,61.02728415,58.48693795,131.6215394,42.43008523,16.24544828,51.91971125,28.51300772,26.77312781,4.273593563,13.84579948,88.12056618,104.2171592,18.32021954,155.9495974,196.7070647,128.8291928,68.84856928,10.31848737,122.0086517,18.31837386,26.31526585,7.611207039,36.09426481,9.508535719,14.21709763,37.3149565,49.66904393,88.21379853,77.39141429,15.4560237,5.679705436,21.18100359,30.93617187,26.76472762,45.32888098,162.7937814,68.50968892,81.59454574,39.57507693,71.33058675,46.05855319,22.86025533,17.96087866,7.599774776,19.52403504,16.24143501,23.55739744,18.62483498,4.410518726,21.27187765,2.688608623,29.30989174,146.8961074,82.1445339,6.427481983,19.69847764,45.00787988,8.478003662,15.91841256,216.4294456,14.33656851,65.37400239,62.67018565,6.272508035,14.23606909,28.11588224,14.02857398,78.52849551,35.47213487,0.579821562,20.05938309,19.26737103,38.91448865,21.9176117,18.46143885,54.57225207,77.70450453,26.26370523,41.85634745,28.05463435,88.89279917,28.57016586,149.2203669,107.4988185,22.65308511,151.8035034,5.309539466,112.4055881,21.03435261,4.716797693,103.6176894,86.48740745,77.76298235,117.5868797,44.93708047,36.00255889,8.993387865,50.10860166,2.061305885,24.86899552,192.4924432,43.09872686,21.1836039,0.440033507,43.50729017,96.36196464,134.4046597,22.16986893,20.07818719,20.08200954,70.45045066,10.47165103,6.075052324,106.2882384,17.98505886,39.39214342,71.052937,30.36235764,107.3639552,26.90792311,33.86578459,10.92916262,36.95637687,8.22520176,45.92600599,86.8948835,71.69856602,187.2910183,4.241142731,100.5945704,25.06441331,75.2330539,127.0235794,78.93751221,38.04475297,16.98922048,95.07714165,0.398741627,155.6962603,10.64241634,10.13073425,30.27306283,15.43457276,7.534444974,149.5986872,38.80684515,20.04944392,21.79939246,36.64135868,40.90921561,16.72960894,18.77132569,76.38483676,2.743958291,1.640655499,21.80160926,47.86122889,91.96987632,51.43748738,9.4293654,4.712220135,49.01355805,84.71621849,17.73442575,31.67695406,67.46379411,59.4640799,39.80473783,90.22162621,77.55813802,3.805808638,35.53748592,27.58089081,19.71382293,26.85229142,101.5321587,2.07079897,126.4508609,53.58328982,85.98902632,37.90579408,159.4480741,57.917231,26.20682338,26.97329705,210.3696428,11.16553347,158.8769096,259.6299678,208.261832,40.76348492,2.817591034,91.03609817,28.91195025,79.98467115,25.68459106,158.9860441,90.58457609,50.65807714,29.68710923,4.587427739,76.77696298,27.7867902,23.41027431,64.82694579,0.599380689,91.79772865,0.520013438,67.47922138,73.41472876,82.50778294,5.11864707,141.3565175,36.5412863,2.303434149,175.5847269,4.721154125,21.67994411,21.35088169,6.32096805,181.88478,159.9517046,115.37202,129.3494089,72.26419532,55.09280148,62.04773938
9,12.83370412,22.5258492,35.58778839,10.61329344,12.39634957,76.83199583,77.33902745,130.8449039,27.98037953,118.5112525,1.159762913,2.343749325,123.2844948,49.94716622,15.57592009,18.64986046,38.24550534,97.75708464,1.868783653,44.02222676,5.962079595,50.31602763,180.2946492,43.25714121,26.44444744,16.86185846,75.74775419,32.94966812,9.18545196,146.5247504,181.8661623,8.436077046,46.77119694,33.06092309,11.67527372,81.15977326,34.78367748,19.9194375,128.6134287,5.323012596,26.25143652,20.76935726,37.40866092,193.9987074,134.9370696,33.5890797,43.84770656,171.5004028,28.10971933,63.80336753,2.465479672,57.43258752,17.02003673,58.61674214,76.20294043,9.584354945,24.20333586,89.12542094,12.97499112,140.5356827,26.93875095,124.1380924,15.94908651,47.90583057,87.23274193,118.9232321,29.96318592,47.08834535,83.39102151,177.2045896,66.23849079,16.96488998,3.963433375,145.0526917,134.0894135,100.0040974,57.73466,13.6533273,65.88248532,75.05413288,15.93724344,20.51671039,47.99316378,132.8138663,31.79992714,15.47155677,190.927902,122.7457785,16.01094315,5.889622884,3.027173687,43.78000892,26.72349876,9.880975878,184.3476481,18.08649426,126.2869863,38.46057415,107.6599816,183.0221137,0.829151193,135.6246901,18.96741025,84.66215106,157.665409,19.07220316,39.75241811,13.03151948,17.1856841,56.81709075,12.52603012,16.38886639,83.5002594,67.20867584,163.806612,29.97158409,54.04987926,63.599294,17.27314131,138.3046778,62.8620493,108.6737202,10.61802596,44.01898806,157.6119292,80.5411558,104.3679674,196.7336147,35.73016267,59.12805113,15.5505258,10.11657156,20.08853706,94.92507719,46.65862399,26.3383168,16.58523413,68.89649588,60.16837714,39.40644796,51.82249242,12.82574475,39.07762667,19.02722815,192.2624274,2.039314904,151.3516361,30.72958715,47.57032598,25.33909799,81.55408423,113.2540216,162.8378193,17.62851223,5.420936824,4.193134943,40.36350154,41.95944973,26.58006206,20.91434647,23.58257734,33.79144697,10.79012902,18.70318764,49.68983385,16.27667713,91.92248305,26.16208634,42.84583814,96.68789544,133.6795255,40.59335189,151.3947518,31.23940486,4.951319788,69.61098484,75.58009484,123.3698254,138.0089117,16.6946225,60.31211105,10.67415518,26.82640426,20.81470312,25.11782631,19.89333312,12.11214039,21.07164494,99.36251648,18.07010218,9.399362408,93.20908065,28.79726932,70.37476071,65.06971816,51.29733605,25.0445081,173.3753771,128.3163869,85.77569565,33.10576688,2.642875704,169.7059945,14.49133006,149.7297153,47.1795436,11.21076725,85.07545217,59.35693662,102.9017009,60.40751014,23.1592748,61.70458033,13.42895818,33.44061628,14.72379613,175.7818494,20.81949587,61.1469463,4.785311979,38.19007423,21.41712826,56.67414265,18.30049643,20.79818991,29.02094696,91.5164519,7.338357968,23.18484916,29.32398915,32.48986923,34.7424294,19.56557215,22.27349142,4.514177403,3.665323222,143.1001011,26.21699079,1.280879835,120.9552173
10,15.92564204,13.7550251,20.01556431,91.05329647,7.716888286,24.26790271,10.96088904,19.41942734,2.240528529,32.33022587,14.47070781,69.72222533,17.57908249,9.687538532,17.50829952,21.01216267,308.129096,91.43300218,17.5849139,7.037906884,5.726120095,19.13792793,15.69555004,10.96088904,17.82643451,12.4269049,44.05137989,13.05838312,4.346128392,19.16357355,308.129096,10.96088904,11.52835481,10.96088904,17.50829952,23.44934165,10.96088904,10.96088904,5.103479529,9.049973764,19.03837768,13.42094265,36.62944505,19.54243955,7.018954128,54.86409601,9.511552798,11.55780815,6.290194559,33.04746231,6.181908914,113.0157615,36.11220217,10.58417543,11.02981685,10.96088904,10.96088904,26.18343198,8.56134441,8.582353837,5.96329124,17.50829952,7.204204849,17.50829952,10.96088904,308.129096,3.566132223,126.6207315,15.47264392,17.50829952,10.05974814,31.78229363,17.50829952,0.617143927,17.50829952,10.96088904,20.66436944,10.96088904,17.50829952,10.96088904,10.96088904,64.78946612,57.42627598,6.601863275,133.9251375,6.359139444,10.96088904,88.05557003,10.96088904,16.58299055,308.129096,25.91584277,7.636308018,5.432554468,10.96088904,2.249488648,17.50829952,308.129096,1.983766246,4.62907387,17.50829952,18.76399141,33.42597817,0.686585464,4.389387686,9.53949383,6.808014008,10.96088904,6.064613224,17.50829952,10.25803609,1.125989295,5.703811803,145.8721909,8.560395756,99.68148808,6.790817512,2.05791052,145.8721909,17.50829952,36.29934868,18.80973923,17.50829952,17.50829952,10.96088904,1.962692315,2.534030011,7.378762481,0.859513107,5.595385924,10.96088904,2.685215463,17.50829952,17.06155184,7.955887018,145.8721909,10.96088904,17.50829952,17.50829952,3.008670513,5.043183453,10.96088904,7.8453229,308.129096,29.91714279,10.96088904,10.96088904,10.96088904,20.33499681,308.129096,4.774988371,7.814931736,126.5129124,48.19297699,9.738244252,308.129096,65.40212655,3.093362679,10.96088904,17.50829952,0.595361921,17.50829952,16.26512486,10.96088904,10.96088904,10.96088904,3.008579239,10.96088904,14.2829633,21.13853439,17.50829952,8.914583657,1.192124407,10.96088904,10.96088904,10.96088904,27.71992973,7.382271149,10.96088904,12.91711363,34.52182812,10.96088904,17.50829952,17.50829952,308.129096,10.96088904,14.11159082,70.76318996,9.865574645,10.96088904,30.09391972,7.891694183,11.814935,145.8721909,3.354282891,69.1844244,10.96088904,101.6814046,24.03122178,63.7651431,209.4964531,17.50829952,10.96088904,29.7640611,19.78779008,20.82196504,25.82162701,2.512700135,17.50829952,18.22774845,18.88691088,5.769650077,1.958306426,10.96088904,308.129096,10.96088904,62.64864946,16.56565525,10.96088904,107.2457525,44.07664985,10.47625491,1.155014819,10.96088904,17.50829952,89.03741361,10.96088904,10.96088904,18.61652054,5.89779288,99.61769716,2.806147742,17.50829952,28.53859309,17.50829952,8.884437082,10.96088904,2.194266602,4.611879503,81.46480066
11,15.31593176,5.390247643,26.33881543,6.379873261,7.499382075,11.3190995,17.58919597,10.96088904,6.466746074,8.641057323,10.96088904,50.32927046,24.12227648,2.573157862,23.18894337,17.50829952,6.925430256,23.29785195,10.96088904,36.3345495,2.802647462,17.50829952,7.126034111,11.3929427,20.1534991,10.96088904,75.04781192,5.372683444,13.78072479,11.58494365,45.78098417,10.93085893,10.96088904,20.59417627,15.3177933,5.81131917,2.727110481,90.84037043,12.75982259,7.438449774,19.35263319,67.41731902,16.10320334,18.62704299,3.554883583,93.54531093,5.1000644,22.59986229,17.50829952,30.2294073,17.50829952,10.96088904,22.08503059,117.5530491,17.50829952,8.269601869,2.263551789,54.54501301,7.386776944,9.534431077,5.963906052,10.96088904,23.87132892,46.24015337,53.54433504,10.96088904,10.96088904,6.448144126,6.179126003,3.269814382,13.16265914,10.79394772,11.55474538,17.50829952,16.96548636,25.12812596,6.65143734,77.77209379,111.6037005,28.38094777,8.327126595,21.13605408,6.873385412,3.118989674,12.84014591,17.10167809,21.71409503,20.5993784,3.303237254,46.79814012,6.562171769,91.44059351,6.076619622,8.789308997,17.50829952,10.2590833,308.129096,17.50829952,3.717070033,75.10156093,60.28828993,4.574712484,0.849203111,14.82296217,5.224131788,3.916852351,46.82346958,26.93908492,2.467249503,10.96088904,3.820494735,2.812669851,10.96088904,5.952109576,10.96088904,61.1789003,21.48927895,19.07491375,8.327620126,1.648948809,10.96088904,10.18448995,32.56734324,10.96088904,21.34853326,89.79306757,308.129096,3.671869099,1.233017834,59.11035908,17.50829952,79.02286286,13.91112486,98.29771979,19.35122777,7.653447741,2.015550169,10.96088904,10.96088904,1.365856041,10.96088904,1.619282722,4.845341693,20.81159791,23.65580272,0.752391614,4.535322915,19.46389712,12.68073671,18.33496338,50.57301776,10.96088904,308.129096,10.96088904,4.547795837,50.77345974,10.96088904,0.586974207,308.129096,10.96088904,17.50829952,10.96088904,10.96088904,17.82830133,86.1740144,29.56811659,0.426846841,308.129096,30.89005823,17.50829952,10.96088904,6.120515623,10.96088904,1.951911108,4.525378332,17.50829952,1.761640806,2.914062935,19.58664394,21.27730293,72.20795004,17.50829952,10.96088904,38.82122951,135.5309489,10.93968044,4.205778578,17.8749389,5.020408158,308.129096,12.56392157,91.60650358,4.716175016,10.96088904,19.78409287,308.129096,37.08919085,10.96088904,15.60834923,10.96088904,308.129096,44.98827,17.21131414,17.50829952,20.94373121,4.848155426,18.86804723,1.00641273,10.96088904,13.02965737,15.66779664,3.493374123,18.67225483,37.04921263,10.96088904,308.129096,10.96088904,10.96088904,17.50829952,17.50829952,22.5943412,10.96088904,1.413949854,19.37820438,18.65007276,133.4367621,8.441406627,5.231403134,0.824178282,192.461383,17.50829952,2.503102334,209.821305,10.96088904,2.214790435,10.96088904,1.946567793,19.04419031,1.943144742,308.129096
12,16.59340875,2.577842524,10.96088904,32.24018611,3.089847221,1.945083651,7.322957724,19.14488582,18.37112126,6.545677559,8.570178943,17.50829952,12.70220068,68.69824963,5.349668059,8.194285918,4.556717373,8.947218235,1.950786447,7.079844309,7.386809564,1.971511731,31.32310722,13.59795356,19.96251736,8.64906045,80.54241708,25.03061634,7.961959859,16.58992895,5.726120081,6.290277112,6.835261364,22.04806871,5.822730107,21.56374906,233.6505286,153.0133473,20.80777154,10.96088904,62.32342285,10.96088904,10.96088904,21.44767837,31.87243171,4.459099668,6.550630666,58.47140953,2.854046364,233.6505272,5.091810932,5.726120079,0.778267286,12.48698005,2.813125701,16.93220221,12.35252709,27.15560192,12.45567395,282.9105554,17.50829952,56.75436512,73.64729174,27.07077993,71.67358642,2.461602324,10.79020049,2.046664007,49.08901193,36.04381329,7.143823765,3.275013134,10.11564775,51.10380616,9.728817522,33.81327203,2.401436156,1.944871292,12.78456266,3.789994398,18.31588253,116.6062094,36.79127027,0.519915565,13.02484206,7.79984808,308.129096,17.50829952,36.83875292,80.93047078,31.87232591,10.96088904,10.96088904,9.697799869,17.1410674,40.02467717,4.310311636,9.014202809,10.96088904,113.137637,92.01764296,2.494730371,0.784699585,10.96088904,10.96088904,3.126353136,13.37565871,9.061723954,10.96088904,145.8721909,4.388379366,0.508506995,6.417696598,51.13471082,4.659587562,5.310684516,31.64718931,17.50829952,88.87077469,10.96088904,72.43397566,308.129096,2.12022955,64.65634775,10.22148652,2.163604953,10.96088904,2.284320357,10.96088904,17.50829952,17.2682085,4.116511049,15.75427312,308.129096,7.258511974,5.713132657,7.402991873,2.279232831,64.46374151,3.551856363,20.18367668,145.8721909,10.96088904,14.48032467,20.32107236,3.222998616,2.681675848,19.5952699,9.7721197,19.36296517,10.96088904,2.690314625,6.772734738,7.996241717,10.96088904,139.9239482,7.400134962,1.573454464,59.47336029,51.44773715,0.682387526,8.206985514,12.44053442,10.89075388,17.50829952,18.01782557,2.196364389,8.006069767,24.32028051,63.99686988,15.34407242,34.27717519,0.677541968,16.28183069,40.34559505,21.09348282,19.15500946,10.96088904,4.391112159,19.70018205,10.96088904,2.88240116,1.959244911,18.07003872,66.58763008,6.07017385,10.96088904,9.407985864,1.960701842,33.47941222,10.96088904,308.129096,7.712576067,17.50829952,6.829624546,2.038054714,83.0719919,65.36122055,17.50829952,37.94911813,95.17089841,10.96088904,1.943740751,7.390990615,3.107164601,10.96088904,10.96088904,10.96088904,3.963190224,0.627688496,15.02666596,1.943150651,17.91186868,49.6510159,42.41001491,3.046445112,12.58689846,2.042257289,17.27534493,59.42002935,28.76492274,11.75289832,1.717959389,17.05157299,7.029791566,2.394900146,6.058561364,17.50829952,10.96088904,17.50829952,1.029233861,1.969141721,145.8721909,17.50829952,97.06142272,0.783438261,10.21892233,3.246962298,0.565483664,17.18944157
13,3.811291616,5.364714149,20.86445924,10.96088904,9.377903644,10.96088904,5.939827648,13.38500586,4.100887441,9.912602925,21.35183935,8.844772777,10.96088904,31.86785462,2.714401819,18.72090105,13.16164864,1.796296788,5.429991626,18.11345774,38.15479428,1.94611937,2.740201253,9.639191578,21.5001201,19.9253399,49.01175094,18.01198825,16.95279202,4.733965055,22.61983439,17.50829952,8.837714749,6.848322817,16.57705984,6.930184821,15.60803046,1.168152604,10.17859478,0.715502318,14.72986608,9.364096835,23.95893919,20.05117388,17.50829952,5.045912223,17.50829952,14.96277132,4.882885853,27.60714529,13.96375679,50.4669556,4.967081876,29.65350064,1.07494676,7.383117178,17.50829952,21.35183934,4.407041851,5.849052994,1.706147228,14.72542826,17.50829952,10.96088904,19.45497865,73.26715051,4.075986553,17.50829952,10.96088904,1.406289886,19.57852528,308.129096,17.16039418,10.96088904,8.296342008,2.715680467,3.748183992,46.44228974,12.36741422,48.36025713,5.252676634,53.43671663,21.59570409,1.378952773,11.1437731,12.88406354,51.69419504,19.70044682,4.497424063,5.273951754,60.95236998,19.74343475,3.615549528,6.468170205,5.980006073,2.894783601,15.20846759,2.260316054,1.954159249,6.392456553,128.6408111,1.97602049,58.65342004,24.62163334,17.50829952,34.94133995,10.96088904,100.1650069,17.08891318,2.834258366,5.13877655,0.820050246,17.50829952,18.96702773,7.162707607,19.17546241,1.058875644,108.030245,1.937931235,3.670219361,308.129096,89.81131708,3.793132251,1.951907508,14.18901236,10.96088904,2.4724803,10.96088904,2.003532632,10.96088904,0.649282858,0.918444565,0.791368427,10.96088904,10.96088904,10.96088904,70.0872636,1.006689564,18.17466702,1.0052627,4.199988639,2.054725379,1.623786476,3.023662615,45.3925535,2.997748142,2.301774928,17.71423468,8.677500754,22.0509712,2.042540802,2.146364543,10.96088904,6.0020059,20.11766648,10.96088904,22.57127422,10.96088904,18.96652911,12.7131982,0.700144997,2.467790456,42.08990991,9.587743235,145.8721909,12.52518662,10.96088904,4.570194725,1.726429252,8.044168871,9.664388582,1.137121878,0.437707574,18.96192913,2.112028315,11.84064413,1.343369812,3.079781984,20.86580054,1.951707859,1.956688161,5.374741444,4.989501352,3.499563914,25.65901214,2.208493264,19.61179393,12.78680794,16.1830914,19.29737561,14.84647262,6.419609834,17.50829952,2.688399634,2.701772344,10.96088904,2.255983019,5.861837378,10.96088904,308.129096,10.42000902,1.082441865,22.76193551,18.3489925,10.96088904,16.69270968,12.16387226,2.361290775,5.580814967,7.14204849,10.96088904,2.406126236,5.859990773,5.498754216,17.50829952,152.1312634,7.639573948,145.8721909,32.01143777,308.129096,4.269174867,16.44002675,0.562780444,19.49552287,0.715179418,0.900808061,7.121584179,20.79075122,2.240536473,12.97557886,12.45488336,17.50829952,3.778274639,28.24714569,52.08004369,22.65105061,17.50829952,6.892786163,0.542089468,47.77853814
14,12.52645435,18.98296844,0.507077736,113.3338922,2.316804753,3.724126625,28.51886013,18.0154169,17.50829952,17.16677753,1.969771784,0.516464454,18.8864515,16.35137314,1.36577155,10.09235126,4.45358842,10.96088904,0.892160861,276.7115331,6.67555294,5.316123208,3.98267778,0.466134552,10.96088904,31.76524685,10.96088904,10.96088904,7.658009008,56.22806934,19.36502311,5.205128669,0.567805129,6.107314161,3.269538632,19.18970418,23.69569613,21.37174764,7.203044093,4.379072762,13.677707,19.30051581,11.20495848,10.96088904,29.23461013,5.019471694,12.9465173,15.94104712,58.77086141,17.73070645,10.96088904,19.77757286,63.49161154,56.91687773,1.669349334,1.380548605,1.943145144,21.77967104,18.93727097,9.182611258,5.295110293,10.07072531,11.39661751,18.39319343,8.509156871,2.644014346,2.130162523,45.37802609,34.65331111,10.96088904,4.308830522,2.639858033,3.326022003,0.481867286,10.96088904,2.034716916,0.998197227,23.22567095,16.82190162,3.675404887,3.458180295,2.007768963,7.527793814,5.955291142,13.37057097,10.96088904,17.5077418,55.59818025,7.132819405,5.167938137,10.96088904,58.72690004,7.351587671,4.285113771,11.26478062,5.200260173,2.565879316,2.981442425,18.57829677,6.331106092,39.47467949,2.264867143,19.39371639,2.804814998,8.528171039,5.055958478,2.664194142,53.7806248,5.162895925,18.92776126,2.002433146,10.16398779,4.464705527,4.432649237,32.20173963,10.96088904,1.42422268,53.0086756,29.09256426,6.70750237,19.76255187,2.103033425,10.96088904,31.90864234,4.94792817,1.961951566,5.18830317,0.669003856,3.012765558,0.548391345,6.877459059,50.14499958,1.598568945,3.061739145,15.78411486,20.372975,145.8721909,44.39732056,11.07775206,1.59743309,1.027662792,4.233100072,20.71903824,5.107534111,1.975326789,17.50829952,4.530782455,10.96088904,10.96088904,42.89498168,17.50829952,9.508059883,55.08817411,5.030963678,2.599688754,19.13197546,4.760937071,0.979102056,1.064245371,4.98603576,0.608222417,1.943606101,3.429154429,7.495766606,18.32426935,3.790513519,3.519162379,9.835399692,10.96088904,10.96088904,20.5870276,10.96088904,17.50829952,21.41711782,11.35568968,5.790721545,10.96088904,1.831189274,18.36048901,18.76478149,2.691442797,5.269434474,29.33994362,20.51880438,10.96088904,5.936195352,2.331358121,14.5320516,10.96088904,63.97011235,4.865768023,10.96088904,15.86402727,5.538753389,10.96088904,20.77481701,10.95110473,28.68158386,5.007430038,12.29427565,12.95612571,2.188968355,10.50792353,1.94969124,1.783949616,2.343039886,3.567777771,2.074217746,2.345770595,0.435994276,2.157390774,0.499004984,10.96088904,1.81557738,3.231659591,2.718193711,47.23307044,15.64024465,44.81097112,185.2789331,20.14674689,17.26977232,1.492210875,10.38888719,0.559794839,0.581196091,8.17261111,8.84220476,2.082855233,5.075561011,67.43250967,1.943147886,2.394541068,7.562253778,4.372287169,26.48041303,3.799121366,1.682221862,10.96088904,23.90209941
15,27.40959656,10.96088904,5.78036224,40.73728229,2.064526054,3.461264557,18.00903367,14.12519442,5.7966372,2.806178464,105.5969549,8.599859946,16.89130035,270.9876263,10.96088904,9.902192483,21.08226616,42.86215997,33.11368985,12.838847,8.780479014,16.8488388,8.670762127,2.223886349,3.919698806,7.931518212,15.19541797,5.142878766,3.884709971,3.56808921,4.176848998,38.34534151,11.92780461,7.748508954,2.422398552,4.986782177,4.471706826,2.92038279,6.100518827,19.72487609,10.96088904,3.505142686,12.04146082,19.84934821,1.944196824,2.616185024,0.75708647,10.96088904,3.427394867,10.96088904,5.641494216,1.971549812,10.58421394,16.43059101,1.74507963,1.053773258,2.498321278,96.65580918,6.505494474,89.89281427,15.65575452,40.32172444,2.099805538,73.60471716,2.454482153,1.95272348,17.49460741,5.932481089,0.703912545,18.12997227,5.786196483,13.55623427,3.263980808,0.714759109,48.51519713,1.963253029,1.857512715,2.307571354,10.96088904,3.587184821,2.047088128,3.845852245,2.147695371,0.774058877,6.066830598,4.211336003,36.1339945,4.648807887,10.91724733,10.96088904,2.439925343,3.380515804,18.43958881,10.96088904,15.0923688,308.129096,5.04875463,1.681390511,1.078682522,41.58051107,0.777810988,3.007676831,3.153415304,12.71746881,5.082678701,6.419025305,3.867055761,5.057416966,3.343490184,16.66761939,2.847496141,21.1040334,8.652902161,91.04033112,11.03087608,16.06858836,10.96088904,2.161698162,62.45178799,8.561147809,9.06822185,11.22682219,2.980659828,0.704871637,9.49409688,2.199625257,1.958937468,1.39094303,1.361881857,17.77846418,6.682006378,17.50829952,308.129096,2.089709716,3.341774906,21.59921728,0.754077944,16.72048737,11.00078622,1.079277542,0.489463208,10.79144584,0.445292199,10.96088904,17.50829952,0.629611524,17.50829952,9.574117252,0.886775016,15.81577803,0.400803116,17.50829952,15.54863137,2.75915732,2.123441029,17.43561027,20.01899662,2.491026429,2.423489757,2.01387983,0.98302677,0.763937189,10.7893265,3.54028718,2.499588484,20.42749539,0.564858293,19.33174536,19.63490683,33.25996011,19.30678477,3.62561651,0.443309592,15.36193554,17.7455839,3.809781551,1.55380626,2.046762536,2.097139038,10.96088904,128.4230116,8.473818495,2.854383279,10.96088904,2.527153607,1.873074434,19.82905099,7.381069471,0.896785611,8.375777429,11.99024856,6.419584602,2.182890275,23.91761543,17.50829952,10.14773439,20.53522385,38.51593412,5.342446566,49.73157956,5.040490374,1.131114997,1.871341563,6.381452393,2.310060141,3.014918938,0.463237817,0.631259511,3.941310841,1.374983055,5.254161885,0.667318437,12.920036,19.3309803,1.986789004,2.181725328,9.124778471,3.035024345,18.03192497,0.518468058,14.87646543,7.896794231,0.422242252,2.623113634,0.774327926,308.129096,1.899853434,4.870367575,3.679165431,145.8721909,6.874883326,1.949071372,2.715346942,10.89621858,2.862320871,21.96146865,6.17938798,1.611242186,2.90285342,35.71150574
16,4.211717885,3.456920482,44.15082157,3.82378016,5.054871777,2.018893835,6.238717293,3.956517642,3.591051421,10.96088904,0.763689007,0.621198937,0.566618087,1.670188483,7.332324767,4.150826633,3.618357023,1.640082731,19.52382333,6.128670117,282.9105562,8.77489646,8.992795604,0.942343746,3.675390223,3.589357859,308.129096,12.77825924,1.895404011,4.53267541,7.583838107,3.973732941,9.102890711,11.00765567,3.537864379,10.96088904,3.284663724,1.991119796,5.173270643,0.438723305,18.42676242,3.597893533,10.37856512,19.78172724,308.129096,10.96088904,3.447423027,10.42310742,4.266440968,28.62009858,1.958233945,31.05574015,0.446555671,2.200875093,2.217912438,0.834577237,3.151613699,10.96088904,3.598458077,7.653893225,10.96088904,5.111097483,20.29660758,2.228286862,308.129096,4.096762633,3.455301126,11.44375654,0.784309757,0.578276346,6.072872392,8.971600507,4.892126466,0.620162911,21.5151066,2.130611819,1.404828468,10.54429459,0.727721304,3.603029713,4.844480755,3.56436275,1.720569083,0.545608625,10.73945595,1.002992285,19.59292583,5.464821457,17.22213161,1.597579919,4.030119122,16.92507047,7.498279537,4.177539992,4.279591857,6.559215849,1.305507875,12.30740593,1.318513885,46.87996554,9.149578298,2.470165171,10.96088904,1.19338681,2.646120027,10.51829053,18.44121288,1.943147515,1.98526394,28.3413135,2.195362246,0.582956753,8.72786074,18.0369827,2.142688464,5.294407483,20.19041827,6.767463727,0.784290236,14.96902686,107.9278584,19.89043203,8.280929764,7.124339983,18.9107074,1.945359428,4.409644409,0.765761334,1.029139971,20.71298901,1.945550696,26.43072032,0.862430906,1.203332387,3.28371332,8.083993248,0.486898764,145.8721909,1.435679407,10.96088904,17.64166298,8.510644782,0.843870515,2.322450723,2.020843151,9.021054438,5.452252479,18.96671195,0.484265736,20.61534063,9.266106572,1.997726937,19.45824295,52.61845805,2.258498269,21.47001504,308.129096,0.864680233,18.5349475,2.906279682,0.547550876,145.8721909,1.585698139,8.901218314,18.45597413,1.844256473,0.518943914,4.083915387,40.23613338,7.44249021,48.65963026,1.526505599,0.807059957,2.408424819,15.73775101,19.87150175,308.129096,6.178722552,9.955567431,20.73685349,13.71324014,2.361996847,1.975084712,73.46106438,5.074374386,7.195779283,2.978237494,10.96088904,2.212357185,15.93033491,17.50829952,2.131233416,2.703069991,19.77323224,1.943815618,17.50829952,4.929410135,81.57206309,1.963355811,8.982790119,10.96088904,12.35731016,30.28726917,5.642046166,19.0308524,2.425769177,0.531719251,1.963057723,3.517534013,1.083115157,1.943231479,0.639402315,2.202486074,20.67393052,2.594873222,48.22186742,4.693476235,25.05396166,21.72711435,10.96088904,0.581643032,0.614262568,0.44304079,0.444259812,0.537076514,18.48737646,1.617205657,1.863098525,1.000360542,2.541359065,10.96088904,0.62092349,23.70861024,3.890064682,1.955920802,2.085926265,17.5875686,10.96088904,18.68198139,10.96088904
17,1.414570219,21.25000041,2.709010047,0.941651325,10.96088904,64.33570895,6.671831835,1.040112528,2.909873222,21.53172327,0.930305343,1.628468529,1.034631656,0.976565617,1.364312697,3.62576693,7.089033096,6.529152114,1.757130391,9.851403241,18.20684774,2.007586895,69.228008,3.674235595,8.727677975,3.378631198,11.45049351,5.040752825,3.211931618,4.02363517,3.208491583,3.960015459,0.453354095,7.436081017,5.329422154,5.413283885,11.48741448,0.702328103,5.779973616,0.575088723,11.5055785,5.102932543,11.08199858,14.13876874,2.933959831,5.165637489,8.567388591,14.78484018,3.401587448,26.95340946,3.72277417,17.50829952,0.793067564,14.27519342,0.412382008,2.119301687,3.827484299,2.017884861,2.349183966,8.963634467,3.933945418,3.629418848,1.539794181,6.839084645,1.928955213,7.056144396,2.178694345,1.943363665,4.566774354,52.08151933,1.731916548,3.139396766,4.302940453,3.204786852,2.347976467,2.018839109,9.218985702,21.57017175,13.46335454,2.176180854,2.438044056,10.96088904,1.266128109,0.63777743,2.479315682,1.070654834,19.55656775,2.458716953,1.408507644,15.45699467,4.162781788,2.093462768,3.584644725,15.90160149,1.978808625,2.032796389,4.960350785,2.327363594,2.292238335,7.227018013,1.223170849,10.96088904,21.55257209,0.73186541,3.098994486,16.57066109,1.292582521,3.557359708,18.1536753,1.94769165,1.97358611,1.944258273,48.08060267,17.50829952,0.688321763,20.7555849,3.495330925,9.767833079,5.246995509,0.478767353,12.39355743,2.992930494,2.374334019,0.832700475,20.7392977,1.977557665,1.978038025,0.872630921,0.540618911,9.095472569,4.033953381,1.246762725,18.01061999,33.96131099,0.650439146,2.473191085,1.740648183,1.112187423,18.87296983,0.865540181,0.408271822,3.483427025,0.557215587,1.957536763,5.863831919,0.600218702,1.717473094,11.77591959,0.749985842,20.34296302,0.418448367,1.94360332,15.75080653,17.50829952,1.946623792,5.75792344,18.76790364,0.413303491,5.193090152,5.319558977,0.658986106,0.759061467,0.815085635,2.495760476,12.20134116,1.977990729,0.427744335,17.50829952,13.23432297,4.339186513,2.430572401,20.80051112,45.7047899,5.477505578,3.246942654,3.822561097,1.35347156,1.922304012,5.52155571,1.94538515,1.877019654,2.021069879,1.958105132,1.082727542,3.909933949,1.876458167,14.93384378,2.933210443,0.487835541,2.081957695,14.04527871,3.417732944,1.862299136,19.87114146,4.125372302,14.08575638,17.50829952,13.05269002,8.872849376,17.50829952,86.65880239,0.5930762,16.89013486,23.03168388,2.088488111,1.969771521,2.07982221,0.58419123,1.813892236,0.497855219,2.035566,0.569943504,4.069291804,1.145979414,1.992439652,8.891621294,0.927054448,25.87610318,11.86390719,4.525723656,4.10050018,10.14791153,0.467625415,2.196689635,0.446501742,54.77367191,0.863945411,3.442268031,0.850149401,107.2305551,17.51944915,1.943955511,25.20199108,4.433768219,1.342959377,2.405717523,4.29465987,1.615699585,0.556402344,7.332026911
18,1.870360731,2.852235696,27.48878583,7.936938407,2.647335789,1.986708252,5.85874738,2.175410762,3.361602932,5.205087983,71.53483331,1.608482483,49.11357618,0.710618542,1.357369148,9.68907528,41.7620765,3.740596044,1.032089411,18.98562204,6.316300776,1.220066341,8.520352781,17.50829952,3.591520233,9.81687527,2.006114835,9.902062669,17.50829952,3.988217229,7.301233965,14.77441248,0.756426779,3.480483043,0.495576208,5.544904906,2.092004324,2.469723977,6.034905092,0.45566323,20.81229125,125.1740092,6.596478529,14.65643028,2.364955308,9.613335428,1.026225471,10.64236298,10.15302822,17.50829952,3.047980497,7.950504391,10.96088904,2.677950874,0.683042073,0.962718163,9.25054293,22.49265946,5.057546168,6.635820879,8.591006152,22.59885334,5.044915887,2.373783696,2.072278858,2.000372703,3.122830656,1.956776341,4.656516701,0.584069057,0.919409493,1.943538848,1.897303819,0.537050084,9.122087498,1.951973825,0.924470511,14.8007628,11.38629809,63.41513745,3.919390384,5.134758994,10.71241654,0.546587504,5.491943469,20.52448705,8.549148383,1.971638933,2.024550432,1.669805343,2.543216239,3.705468054,17.61250527,20.1582573,13.43825818,9.472469956,0.704388147,2.460649008,2.530546269,9.43674669,0.503098774,2.365484269,1.555385238,17.50829952,2.383424465,7.278948209,1.823070823,8.122317812,1.945360397,13.69595691,2.368686113,0.557999208,2.890608617,10.96088904,2.779430698,5.044798401,2.014430021,5.438445527,7.057872447,0.434529842,1.813392871,1.943466961,1.383878364,1.83668948,9.732304114,1.981388581,0.735309277,0.661791498,0.629393482,0.473335756,0.557812006,0.591811095,10.96088904,0.625271001,22.31874477,5.863606661,0.484616833,0.775445576,4.877983805,0.756332525,1.053631856,1.481570206,0.464488039,2.08304647,4.351080529,0.569420055,2.462478107,4.193893254,1.129937655,5.119592639,0.500604404,1.989963846,1.113358379,3.777721823,1.968095657,26.58352603,4.355327409,0.50327278,1.284232479,4.079518719,0.516384545,0.735533839,5.773113815,3.005144775,4.867468497,64.70189037,1.943140771,0.494774066,3.588708272,5.206657388,0.656812256,9.418728514,0.429536904,0.600267993,0.678762071,3.167406198,145.8721909,12.6205816,4.166934356,3.60417918,0.596004645,2.482490157,1.991473585,0.949363741,3.157724802,1.631012782,1.957291922,11.25128972,0.513653033,23.85632535,1.179194556,1.030057089,1.83548714,9.96164652,22.84202433,2.22825691,2.110546468,17.05550009,1.978696577,8.997228913,7.134191836,2.043689436,0.668800507,1.066589,2.632366435,2.270605699,7.894035176,0.55013785,4.49246551,0.586898868,20.76764658,10.96088904,4.988013405,17.56755026,2.093106175,11.75332032,20.74914217,1.944046811,17.73300197,6.236346927,6.181795792,5.751569307,0.440956273,2.540617818,0.486515966,0.579233221,2.175526434,1.678998357,0.736909009,2.709533079,6.669614948,0.701344866,3.811416704,2.143037654,1.038778871,8.383321304,0.55392664,5.715550226,0.528506328,3.100738241
19,0.957436934,5.006504139,0.950498462,1.750322184,3.423405751,1.794679583,51.15051405,1.059236069,2.186378313,2.200630359,20.05039573,0.442521317,30.28759449,8.039410483,0.400634347,3.556027765,4.636422931,5.993840177,6.975817441,1.060340234,19.6867794,2.046461514,308.129096,4.758781097,5.204222038,7.146211163,2.417736889,20.34205176,7.78898443,4.027142392,3.962113726,2.12907558,20.52825234,4.736079803,1.561311819,4.938265624,3.418359344,1.189074853,4.334730507,0.520709893,10.96088904,7.558869742,9.911220464,16.70575274,2.203928131,8.98975463,1.06495812,308.129096,1.177546332,17.37784827,3.293958072,97.75557967,0.600612315,10.96088904,0.890543738,1.102286201,3.001690326,18.22441115,0.560657666,2.307974594,0.686071694,2.073862803,2.894604215,1.965453728,16.72596509,1.943540688,2.765467678,1.983146061,0.844577453,0.646429632,1.149458207,3.593897517,1.999635344,0.492412047,1.943151634,1.999253182,0.750457109,1.971058933,0.660548858,2.364010668,5.941251231,2.01984758,0.418437265,2.279242065,10.96088904,0.961813993,13.6662323,6.485271164,8.257492641,1.61613272,29.14814416,3.2952274,3.610888119,2.200188816,30.23444807,0.640693547,39.48172075,1.490891814,0.706629388,10.96088904,0.502246874,2.101033073,2.637751495,0.568302278,4.52592248,0.664379753,104.9501037,5.292469891,1.994972811,53.91257507,2.4412715,0.460391062,1.586269146,3.213519547,0.745214169,5.070032046,2.359831316,1.837112996,0.630124904,0.492285344,4.783497527,2.377929724,2.010970755,8.547461099,0.680347333,35.31457452,0.566419633,0.805929199,0.652268903,2.409254923,0.531635641,1.473786764,1.068358957,17.50829952,1.329809419,1.288530757,2.471293961,0.95009541,3.051354193,0.981098317,0.539016699,13.46376266,0.479173171,0.562307595,2.095894068,0.952097235,32.49932711,7.382153556,0.439055849,1.747961037,0.536206498,1.944455065,1.04121334,3.011913481,1.987643821,1.09560279,12.26148544,0.467947339,0.906427657,2.976177373,0.649274764,3.403113587,0.846896119,2.762064336,19.95305994,3.360151763,0.599962976,19.4177605,1.075293355,4.095413623,0.586696177,17.50829952,0.438189973,19.36128047,0.930987642,3.907642666,2.410039844,1.902598907,0.623521409,2.025614525,0.627637559,1.967789549,7.487996983,0.885208111,2.011941757,1.749982323,1.95223228,1.868669686,2.143595739,3.770994205,6.786906348,1.097097041,1.90140549,1.479338579,20.96889488,3.285302012,2.221991371,10.78979446,1.990021395,8.877214922,19.58157959,4.01867817,0.698238421,10.96088904,0.963895961,2.050504148,0.524181941,0.738682972,1.568898945,10.96088904,2.003161474,0.536119654,7.285847741,3.523318194,1.943205449,36.15224627,2.059406724,3.52929906,1.04060171,2.032523,10.96088904,9.005654302,0.454490381,1.96085681,8.320306669,0.531057121,0.739425433,1.494458122,11.84690976,2.047821464,1.58899453,0.530965343,2.025855011,20.71226394,0.563120772,0.52487137,18.32137999,1.56558544,0.546077515,145.8721909
20,1.680251701,2.669481925,1.590237145,0.742942926,1.995022429,2.654388265,6.246039914,2.680686827,3.272674034,2.776363161,1.516547638,0.652853504,1.137718476,1.264343168,0.499697068,3.224773419,7.288287593,16.36126386,1.840148457,18.12970579,3.600377315,1.963335606,3.588118929,2.529904426,3.943465627,4.565397942,0.69131329,3.931855222,3.370535701,4.043216925,3.451636,0.794203257,0.605934777,16.31052456,3.505267629,11.54680943,1.948831235,0.839813612,5.170853581,0.481038283,10.99053721,3.615138198,161.0346271,19.11961827,1.541205186,3.656368448,0.431461592,14.625249,3.165654904,1.948570075,38.29160138,2.048662251,0.560307153,1.113189072,0.507547081,0.949776345,2.515545714,13.50364499,1.806344901,6.037419679,0.408756494,11.48551755,3.037588372,1.865669858,0.987914694,29.80185327,3.340993879,3.347780794,0.721175541,0.618999903,0.811213667,1.943173852,1.329103832,0.509951359,12.14741058,28.85611484,0.929015097,2.033316476,2.099542064,2.032546677,2.15471734,2.171536015,10.96088904,0.667592765,1.957798376,20.79423558,4.0510345,8.681599317,20.9199244,10.12438517,2.107188589,1.309669954,17.81207384,2.247117727,2.108315336,5.270490209,64.24851055,1.587500837,0.542006028,5.061989488,0.7200938,1.981060672,0.454138881,16.66703481,2.82181784,0.969579946,0.859585908,233.68975,1.948356448,1.994290442,3.573029945,0.775438173,1.440725685,2.903770062,1.949551952,5.320402978,0.91107026,20.07844919,0.89794508,1.95095273,18.76478172,4.498757416,17.80512227,0.820014168,2.199807242,1.952047727,2.181030413,0.656960808,0.453555676,0.979685919,0.64119223,3.529303659,19.62240643,0.537627915,14.10577057,5.112370718,0.601768683,8.155937018,19.59867627,0.887563457,13.33455769,0.791767201,0.457498598,2.132439601,10.96088904,0.744711693,4.981002642,6.721993806,0.926848254,10.96088904,0.440295774,2.588835214,1.952471896,1.388419798,1.951523619,1.356675558,7.59903817,1.995725541,1.037753761,2.423548344,145.8721909,0.690058213,0.735724926,46.53035392,2.226634464,2.165285091,0.491858559,0.989809544,1.148121613,1.993514075,8.175923145,2.471573039,1.676816496,0.416628051,0.623550038,11.95264898,9.132641366,1.967653465,0.851443769,2.584213297,0.608692535,8.713074237,1.958680519,2.232666379,1.97572795,1.608157238,19.14491994,2.869460089,0.498826414,14.50287318,1.47719777,2.667167601,1.896667942,0.712893469,1.969167754,2.390659203,2.075473587,18.16748012,3.617076503,8.980318104,18.73067271,3.114005772,0.687719051,1.151120727,0.913035765,2.076059123,0.533662092,0.551816345,10.9396622,0.418847663,1.961126168,0.709530328,2.053268896,0.618538351,1.945297026,1.965387587,1.967555852,1.944012027,17.41315717,0.437636282,0.572363087,0.679850926,0.440297521,3.500850363,0.452104084,0.594555864,0.975798674,1.383939093,0.461449049,2.163527188,20.03166884,0.960390323,18.3800977,2.194436371,10.96088904,0.479384828,0.434636126,1.893942374,0.528213535,1.061081563
21,1.401494217,19.88615124,0.657260707,0.988246004,0.979234566,1.992454561,6.936519322,0.522012098,15.63555915,16.53529286,25.9965787,0.928963422,2.060662529,0.733803472,0.749379904,3.882863075,4.497413332,7.950574138,2.080979063,8.209136914,5.980146914,8.218838441,2.251121336,18.49344708,3.677004083,4.730139989,1.992539609,6.88292497,0.561704325,4.046189939,11.04436406,0.6649944,1.920823045,7.226021281,0.433823553,0.586334218,2.968257522,0.954932137,2.94793597,0.730086926,13.21761127,3.990548572,6.333004089,1.685147722,1.117137556,19.41544078,0.784530146,10.80739012,3.060332081,6.031443007,3.040631381,2.786967492,0.775983,1.907973562,1.555760416,0.670720157,2.571775899,36.54210125,2.179717612,6.334975877,0.482664283,2.219529594,0.592186538,18.91842131,1.096884904,2.513324232,2.584581849,5.481509884,20.27221158,0.641170555,0.727976528,2.264111755,1.120958068,0.484100395,5.606673265,17.50829952,1.124725907,1.943607563,0.90820733,15.99376547,2.119458914,86.98883417,0.498449655,0.566646972,1.464288856,0.999344507,1.282819329,10.96088904,2.258969987,1.541267428,2.793960129,1.551643232,0.730012666,14.94016717,4.057725751,0.592390436,2.015866473,4.382889233,1.523668532,4.756439467,15.72503639,2.145430498,0.43891928,0.507148114,2.522780478,0.711263492,1.080688077,4.402540806,2.0031896,2.077437234,1.957970953,0.507606061,0.607695756,2.630434415,3.158436837,4.907359756,1.280071856,0.475859089,0.65862413,0.475820886,1.336948855,1.947121822,1.986272285,0.769930026,2.072637875,1.954958984,1.945121462,0.767121554,0.700706293,0.587192889,62.29486036,0.418198039,3.3754372,1.928885938,0.489284067,1.109303086,0.487184617,2.35944103,1.362676821,0.913312149,0.417522798,0.900544468,0.502970406,1.95881036,2.702703308,0.473702961,13.00403855,4.06832612,4.646400275,1.649296081,0.406867665,1.957467087,17.50829952,2.876790574,2.415193472,2.265674617,2.16789898,0.458095125,1.139339111,6.473530225,0.565991104,2.050521947,0.556452581,2.257267658,1.945317378,1.56637017,0.691391885,2.205218274,1.009071792,20.82159827,0.632901927,2.141986092,0.416023727,0.434176113,17.50829952,2.959120349,1.228172137,1.963595593,0.407869197,2.039967646,0.627823435,1.945774274,21.37325591,0.57478763,1.944303099,1.687126709,5.107611551,1.99324807,0.493572136,1.152442254,1.171381061,4.238932246,1.995066839,0.835663026,1.959456713,11.35386701,2.322301017,19.65585865,8.736617115,9.454791005,19.07857971,2.776313715,30.96480204,1.948166376,1.062483944,2.802948632,0.541743743,0.517460686,1.658492829,0.420145607,1.95272841,0.483628503,2.070652719,25.96077194,1.943218903,6.866153472,7.94966345,1.947553482,12.38483118,2.537929938,0.498455771,0.670650399,0.448384717,4.974357005,10.96088904,0.438251664,0.728952305,2.100657872,0.687167445,1.962844967,0.534124806,0.825066201,21.14243347,20.13021335,2.27471976,17.50829952,10.50151661,1.232268904,0.533777138,2.830532425
22,1.257587585,1.671381024,0.657391935,4.269123652,1.745752754,2.260849842,3.975380209,3.004860486,2.517073085,4.861348934,0.842324289,0.833359395,1.644205245,0.89300422,0.468082517,9.410323903,2.124511587,1.777025437,2.920036382,3.556343375,4.498700165,2.017281988,1.497010293,2.180774621,3.633853383,3.526588628,9.369676814,5.273169603,1.009166356,12.04634487,3.1266448,0.398765675,0.785793904,4.601582597,0.650062862,0.882316742,2.378752892,0.431939147,2.668076498,0.430748888,8.226568858,10.1406566,9.338706328,3.332694992,0.737984358,4.439523577,0.662014283,7.766636353,2.009730852,2.376871999,2.276368465,2.190767177,1.157407169,1.421538662,0.408272151,1.065722629,3.352264775,8.44003948,2.086608541,2.081144619,0.595281814,0.69000904,0.758982937,1.64360593,18.09238848,2.138390505,2.338778969,1.949869802,0.73528453,0.621750489,0.582507429,2.034295403,1.019408506,0.503473545,1.993541752,3.176176949,0.770060236,1.590985854,1.952174401,2.191737576,17.8128079,1.962612355,0.982266254,0.666219681,1.378399849,0.861001829,2.370566163,2.687612546,2.453227981,1.485228353,0.642860645,1.0466325,3.586726016,1.977675105,2.312569156,0.444788424,0.800793884,1.474364342,0.587185144,4.56963516,1.030934366,1.987153939,82.65123857,0.448350884,2.333633551,0.798625657,0.622281545,8.019183391,29.15573175,1.949505842,2.004248866,0.459900394,1.871109642,9.339829354,0.416959085,36.18011266,1.317880917,0.621965418,0.559753418,0.457911808,1.166763752,1.960770916,0.76217877,0.839570577,0.523994924,1.943347466,0.494461212,0.685008384,0.401023926,0.469821607,0.491358888,0.485212264,2.940489248,0.542289804,3.44623293,1.550751793,0.454515703,0.71923197,0.956938569,0.743031958,0.539315058,1.707439711,0.458764777,0.73807485,1.96420441,0.82413849,3.385268625,8.26942277,0.502229918,2.140377223,0.454437023,1.986395057,0.563040302,1.775811657,1.949521233,1.20769017,1.943286842,0.508328011,1.03383493,1.135220343,0.655499914,0.944012228,0.66546614,2.742187008,4.779612546,10.00015504,0.447885318,0.748106205,0.828944009,19.92007907,14.07000989,2.379323812,0.414478076,0.434755083,0.576077254,4.024124512,1.076837369,8.403847789,0.539693817,2.333246876,0.625156774,0.756569002,41.06777556,3.142465349,1.943339986,1.560575227,1.949799192,2.07730071,0.524080522,6.048314341,0.968855996,0.863818292,1.886197916,1.785645601,1.952220073,1.950060956,2.017159445,1.784932803,1.971638175,8.921320101,9.91027339,0.568420586,0.672264237,1.068238969,1.125235141,2.139878473,0.565017605,0.544771956,1.133094629,6.944287993,1.972446157,0.705087967,2.057873077,0.65408116,1.943701387,15.10129829,0.872539602,1.943143027,2.056996467,2.316671091,0.473004307,0.64676436,0.434568211,1.999383394,0.402788372,11.11590211,0.739305414,16.21960545,0.453919149,1.870658666,22.98091732,0.528134158,24.16642467,20.15564961,0.533221309,0.483144901,0.432410339,1.825682606,0.502033521,4.754094805
23,10.72888713,1.408155878,0.48721181,1.390859989,8.423933462,2.494308476,6.220319632,1.035276492,3.209734292,1.973441381,0.63860912,0.483912335,2.039734113,0.636622903,20.51175768,3.309424352,2.378485509,1.768088807,1.569311212,3.096509815,3.138647912,1.943421617,10.96088904,0.409789435,1.977406338,3.366795306,3.586416151,1.11839299,5.307606636,4.025026536,10.17091379,0.47984931,0.527435138,6.887571403,0.468083713,1.279599566,2.716061071,2.782858151,2.092805688,1.252273983,13.62603938,3.640628991,5.828871188,19.00346665,0.635916885,2.51495205,0.630503796,23.46645955,1.142017603,12.18560093,2.037695838,2.599089293,0.651402035,1.008108698,0.829510375,10.99223626,3.069454168,6.927630185,1.619932221,1.70608796,0.587246752,0.786916045,0.595353693,6.048420244,0.964709264,6.533753098,2.924057577,1.976109949,0.785260154,0.638426373,0.68057833,2.183688287,0.605922463,1.955572235,14.56435384,4.892523066,0.82223737,2.066877482,0.604088672,1.944617898,2.114217371,1.943762265,20.62355239,0.61160061,1.96834126,0.522459791,0.537295263,2.047475351,2.698952092,1.620257504,1.001459544,1.954075574,8.666397167,1.326253367,2.179338839,0.52473029,0.72389116,0.549031724,0.413417989,3.570562065,37.54791359,1.947221303,0.431807863,0.872106038,2.543596135,0.674362176,0.511358428,7.168928575,1.955648559,1.95879446,2.042060289,0.453793211,0.417305558,2.518248056,0.415548709,5.042370685,1.131752062,1.410104028,0.561833292,1.899332424,0.585448961,10.96088904,1.06882159,0.768311427,0.739819341,1.947699539,0.588161794,0.727970638,0.464663884,4.109189421,0.550527008,0.424548905,14.7251577,0.521623854,8.031810443,12.29342441,0.536432523,0.836438372,1.088042719,62.31833799,0.564145554,0.865819324,0.882176903,0.758040637,1.945886087,0.610476111,1.00539475,2.644295726,0.680722305,1.138626701,0.401832368,1.947418707,0.455382665,1.673929794,1.974360327,0.975867545,2.0354978,0.409886967,33.36731465,111.4412024,0.524232015,0.693833895,1.289023818,5.193096053,1.944730166,13.45913998,0.517386613,2.174142725,0.817627018,14.03533704,0.777067206,2.704005155,0.418996556,0.415288864,0.632105229,3.135074213,15.64029879,1.646294709,0.418889362,2.032516691,18.25566265,2.167586905,18.2118645,0.546859573,1.945568403,3.347201939,1.956469822,1.847301026,0.495228505,1.137541519,0.925733139,0.492970998,1.885154228,0.758078633,1.947372122,12.3477632,2.042961087,1.283848207,1.946375084,22.23130754,9.067153368,4.639069376,0.668556552,1.101470757,0.93275769,1.943356503,0.519610026,0.572093333,1.493445979,0.457899539,1.963239318,0.466400389,2.03991003,2.305193122,1.943200806,1.944797222,1.944964359,1.944209318,3.208880882,0.46687011,0.570601887,17.50829952,0.433905034,0.499197356,0.538783721,0.636658891,0.756413507,1.31755216,0.425564718,2.1151806,0.437146884,0.557103421,3.019235593,2.38829387,0.516798718,20.00533947,0.423971664,1.681981796,0.533174222,1.68754815
24,1.422483252,1.507610982,1.59615339,0.800177584,0.516465163,2.245993733,4.911395159,19.54145319,2.751753323,2.564315569,1.268635318,8.352244648,0.550263408,0.774135621,0.446457366,3.626822924,2.929960792,1.778455555,0.846813196,5.415748288,3.734316914,3.772832392,60.52690049,2.237401651,3.687428341,4.225181281,0.494301602,4.380845433,1.403820727,10.96088904,3.345571003,0.482186102,0.589864186,5.173530206,0.486939087,2.233609237,4.025677966,1.209479623,6.121461434,0.428536555,11.51346571,3.337287244,5.575764736,2.919002024,141.2981061,2.166413767,0.597865228,4.490852779,0.639434804,2.517311801,1.959992111,3.399234218,0.55058495,1.232642617,9.657790363,0.772694069,2.889074344,13.4832535,0.854692325,4.101731551,0.556257795,0.402637948,3.950912687,0.856163645,2.096674232,1.50902709,17.50829952,3.716195639,0.705657767,0.691947469,20.51228168,18.05220121,0.515057418,0.537833411,0.624273828,3.903158918,5.159801921,1.987812317,0.652814808,1.999056562,2.10798226,2.082642659,0.429394708,0.556128994,1.828598025,0.9527361,0.467694755,3.025562615,2.123143368,1.967727253,2.796087051,1.281052859,25.68007049,0.475676197,0.488346984,12.76590457,0.712692886,1.696246212,3.159024487,4.581284763,0.440597043,1.967577262,0.409586938,0.41592235,17.66173906,0.728379661,0.750853868,3.425765405,2.259187889,0.455844652,1.981807358,0.465051052,0.398500351,2.652304311,0.538959771,5.107862572,1.005584447,1.480436635,10.96088904,0.668590532,2.177182889,4.817639303,0.621885198,1.299858856,0.543143371,1.983760644,0.503435122,0.752087566,0.430807591,0.507314695,0.499283791,0.416713298,0.650804259,0.511643051,0.460077133,0.884277064,0.484809433,1.588714558,1.345528643,0.81648935,0.417216589,0.81910778,0.456408698,0.529249833,1.945449067,0.481307979,1.768358761,1.987476707,0.4799582,1.457186853,0.412134258,1.943264705,0.431800916,1.651740283,4.313920877,1.165380603,2.719940166,0.452197663,1.040658894,15.22312372,0.56747094,0.631779463,0.778895294,2.46901674,1.956879931,0.782589913,0.651077847,0.535799886,145.8721909,1.116561449,0.473093626,0.882267225,0.411866246,0.495678319,0.683414624,2.94947202,1.144125045,1.998817504,2.221129375,2.301896231,0.622287902,1.039140436,13.68649722,0.536229296,3.870120497,1.50830882,17.50829952,1.94311043,0.501994642,1.15946503,0.870788615,0.496512649,2.043986752,0.559947338,1.949347677,1.943211256,2.164121394,1.056063441,3.675051665,2.013311695,19.99927885,0.620671103,0.693821676,10.78413594,1.053767855,1.943856482,0.546595126,1.947726116,1.190927457,0.46483323,1.945479353,0.511318553,2.059049985,0.662926061,1.944826579,1.946210234,0.839146532,2.245766274,4.569250831,0.442642986,0.488758102,0.676084051,0.425315949,6.33203173,0.403664317,0.402660412,0.709547273,1.628657248,0.434011028,1.824383691,0.459406136,0.517327349,1.402102396,1.907309742,0.496230879,0.745712575,0.473512106,15.11216106,0.503942442,0.973516118
25,1.13256066,1.958490295,2.069747587,0.463581571,2.09754537,2.337104394,6.705089538,0.723856358,2.928092755,3.452450469,0.627456489,0.407065801,1.824167212,2.160513037,0.428482696,10.96088904,6.41757106,1.725785228,1.560004195,2.834370784,4.434336288,2.004044448,10.24283782,25.98528635,3.584370123,3.880147618,0.705334803,6.185637415,5.567142936,4.038475787,7.018954166,0.463197552,0.701322882,2.405709274,8.688833863,0.725815465,8.234761401,13.06251993,4.237719305,0.717990607,10.79722488,1.741096702,2.322232706,3.0929289,0.793582936,23.18749517,0.402076146,5.87946334,1.752189519,2.018771392,2.613862062,1.943214673,0.608852734,1.030568575,0.401631912,0.993146532,2.504773056,2.216653788,0.498430419,1.960638675,1.195580174,0.997476442,10.96088904,2.425799782,1.011205841,1.943169498,2.053584792,1.951198278,0.743006943,0.625950554,0.544167275,1.943150814,0.763803335,0.614173357,0.406743946,1.08937723,0.893723216,1.974296448,0.742459188,1.96068801,2.011436132,2.004698285,0.466535426,0.603649882,1.368571881,0.713823829,0.513539841,2.305134368,1.976357752,1.393490117,3.419906699,0.606226976,3.506198366,2.071872369,1.221825424,0.550713986,0.620897593,1.361246742,0.427300959,3.087617384,0.519864192,2.044759027,0.398213908,0.51545302,2.667658881,2.22685278,1.962175843,2.673165288,1.967306986,1.946864617,2.152852671,0.456543949,0.692932287,2.516399038,0.402408317,4.757831803,1.419802162,0.501444973,0.559052117,0.471447325,0.630964688,1.94318559,0.77296082,0.992897039,0.500780662,1.951144369,0.47735676,0.722954554,0.677504257,0.43610992,21.48554193,0.431799223,0.633671575,0.601665888,0.429160992,0.641484208,0.423793143,0.628629395,1.086907439,0.92511298,0.480761733,0.847947635,0.534298264,0.54511583,1.957142589,0.436518295,0.645972433,2.377028378,0.629397342,1.389967144,0.418753782,1.944854219,0.453676543,1.619093052,1.943964251,0.662360393,2.159938345,0.414520686,1.008209723,1.218673929,0.644663266,0.707146419,132.0278258,2.635826771,26.3382682,1.440549026,0.558608527,0.52262889,0.941360938,1.00097961,0.41605522,20.96554134,0.412416228,0.41278577,0.596491566,3.395187751,0.998335825,1.746650156,0.837555177,2.026614863,0.621559964,1.952574166,1.815984679,0.557543868,3.410076857,1.488682133,1.953519341,1.76527311,0.503771353,1.195652616,1.101184921,0.45618976,1.972796252,0.553045493,1.943815257,1.944794946,1.992217651,19.75789645,1.966403663,8.900977407,2.189785611,0.707914125,0.673561336,1.948982018,0.956819689,1.943250014,0.528146104,0.522540827,1.117507657,0.424134009,1.981747999,0.618089675,2.069763954,0.675095709,1.943191322,18.125366,0.869152521,1.944155351,0.853098094,0.430579936,0.553769855,0.681007313,0.448292016,0.567874659,0.400336063,0.47944901,0.699845578,1.318364882,0.754093756,3.098298374,0.44926528,0.50196383,1.776737616,2.129432532,0.524499853,0.473465219,0.423777141,0.71014226,0.573707365,1.068246569
26,1.118320739,1.47606233,0.556877858,0.644644785,0.513289572,0.919478594,5.896675762,0.5271225,3.397420437,1.945406627,0.631381171,0.623109971,1.609641701,0.873054582,0.512959952,3.688619263,1.265516689,1.819663142,0.904392035,1.699208758,3.584040362,0.568374316,0.746989718,0.414464903,3.492158572,3.879076703,1.949001304,1.779683441,0.658198887,8.257245146,1.945278405,0.487950796,0.512285343,2.851354248,0.399502082,0.453711698,3.177932557,0.407829669,2.501193291,0.615423924,1.998872303,4.377617825,2.033386648,2.763916615,0.830090432,4.732098472,0.524804768,7.631659048,1.761473121,16.44771936,1.992637985,3.511510687,0.539477442,3.118635431,0.937968521,0.765506542,3.169401155,0.620247721,0.653800331,8.607846094,0.472340763,0.515405573,0.671088816,1.80518339,0.846263755,1.002329985,3.304999305,2.033547466,0.651120451,0.63405185,0.697067631,1.969599215,0.525418716,0.495375755,1.201623647,1.980768671,0.834786432,2.044692021,0.713184151,2.355953926,2.08548479,2.003964407,0.529050386,0.567654573,12.55241262,0.545951493,0.473763774,2.021054411,1.683883479,1.545509228,0.696703338,1.305879991,0.470314968,0.416580336,0.531899347,0.532133079,0.555411444,1.546667692,0.49064959,1.950846853,0.424582293,1.950809509,0.427299292,0.506033812,2.110349479,0.769973438,0.434782196,6.453937509,2.580144032,0.498372309,1.951568315,10.96088904,0.42098148,3.155698617,0.636220054,5.05287969,1.070477237,0.705917603,2.218416755,0.474565546,0.802364618,1.983233507,0.873487224,1.958499271,0.834449593,1.967435118,2.032310726,0.737909337,0.405071979,0.492876214,0.546835056,0.528357805,1.412268934,0.464885017,0.437721832,1.20619482,0.457681761,0.536917298,1.161409703,0.86639566,0.437898415,0.73476877,0.456250103,0.459227254,1.945714884,0.417478233,1.326163254,2.009575701,0.434091781,1.203328017,2.460435645,1.958562585,0.426315815,1.271682519,1.947587001,0.851167295,1.950819248,0.479490274,0.946770844,1.097697471,0.689091762,0.811975684,0.636883488,2.328744544,1.944590525,0.697387216,0.466395247,1.987245632,1.00708666,1.949488059,0.451768231,0.514439527,0.449276072,0.412895346,0.663433078,3.066608362,1.076031396,1.720573914,0.491326573,2.183072114,0.605861501,0.538941866,2.065931207,0.536583683,1.943376419,1.023231183,1.949817319,1.861106419,2.29225457,1.206432866,0.806576743,0.493724158,1.880931038,0.498444545,1.945077994,1.946042906,1.949260766,15.37155306,1.950522318,8.553159578,1.955525024,0.573449095,0.692896486,1.041709672,0.983885192,1.943357655,0.547439041,0.507106112,1.828842361,0.455122017,1.947795468,0.464219618,2.060197374,1.229534459,1.944614772,1.944982845,0.797163126,1.943326593,3.749066054,0.423810003,0.498626471,0.522698046,0.444379511,0.462594292,0.442115667,0.400778783,0.701231081,1.286939245,2.286752512,1.912551824,17.11567583,0.53002349,20.48107521,2.238948022,0.550040059,0.50121163,0.410853177,0.816427446,0.544690032,13.21787665
27,1.374825127,1.164993564,0.403014994,0.522703548,0.906617834,1.569647541,2.466238371,1.276766892,0.569690207,2.538964436,0.538078491,0.402387621,4.882269656,0.865098873,67.22692125,3.040865095,2.006376555,2.373632056,0.732198473,2.148714785,3.77787612,1.086924695,1.858737541,1.076293041,22.47227318,7.795364057,0.46606403,0.483398796,17.66015561,2.288108143,9.518190339,0.404899041,0.580636312,4.564201719,0.48199191,0.464791845,2.633399022,0.821793452,1.476376299,1.308491057,1.950913776,3.931534962,5.427536728,5.253832719,0.66529306,5.194015307,0.402348517,6.315790805,0.958389225,1.990848986,2.155242301,2.101107173,0.522183262,1.845838127,0.573720889,0.558677921,2.828095136,0.999742615,1.493370111,1.636413979,0.686561661,0.401579183,0.522004445,1.093467334,0.85252117,2.010111118,2.33111191,1.973890246,0.69300084,0.647800395,0.595539408,1.960365425,0.591101552,0.46017542,0.432849749,0.874040955,0.692875662,1.870944763,0.632326141,2.008085551,1.995599796,1.570603595,0.422681457,0.601989491,1.22869021,1.10727031,1.823444523,1.94354735,1.195113439,1.68499316,1.139169951,0.874244363,0.51111907,2.138681969,1.943191208,1.949832168,0.659111026,0.778019624,0.57215017,10.42079843,0.483716134,1.955858413,0.425703078,0.42824528,1.945756355,0.787091166,0.528404661,7.122227263,2.096206793,2.019605047,1.997639876,0.486454237,0.573328071,2.28432536,0.410399805,4.125005564,1.627613189,0.552709084,0.520288642,0.514620046,0.725651057,1.947229577,0.714582231,0.74927576,0.715482762,1.947153931,0.477799079,0.72006623,0.428927153,0.427461207,0.489191861,10.96088904,20.7599024,0.507089365,0.418271287,0.514819012,0.454643503,0.777945724,1.282512055,0.848916367,0.48477064,20.67690577,0.482408561,0.47911251,5.47744657,0.533212087,0.779856258,1.952880461,0.498770325,1.226865857,0.426423801,1.943244867,0.710506168,1.473410311,1.967578814,0.835728062,1.94336602,0.560970552,1.037990278,0.997741697,0.57446263,0.549770846,0.497657148,2.617420952,1.972417783,0.781564326,0.601892945,0.573485345,0.946354839,2.281010086,1.328891836,0.633071863,0.438786452,0.402691082,0.558910232,2.59706101,1.09904042,1.902791,2.948886198,3.182373555,0.600760339,0.737212067,2.021531016,0.829015086,1.94359323,1.639690717,1.951397372,1.888048005,0.49948327,1.137537415,0.775734004,0.452291523,1.844807231,71.07536742,1.943165348,1.948126201,1.974308781,0.924659932,1.943185897,1.928005448,1.961856043,0.636535528,0.681409644,0.722772748,0.992876537,1.945442645,0.566488417,0.516384836,1.096248711,0.443721091,1.962164792,0.434217335,2.089221798,0.727726428,122.2152371,6.934608427,0.89848201,1.943705567,0.742672036,1.943294834,0.542396367,0.654388202,0.436151025,0.564928503,0.398911454,0.402580912,0.67405334,1.315796647,0.419481772,1.730424429,0.44485786,0.550629811,0.987630635,1.932884202,0.567794044,0.460313804,0.418341913,0.753670373,0.503114541,0.418112651
28,1.281824861,1.426613707,3.062098895,0.569634342,1.236149938,2.250449836,2.062260579,1.029655354,0.94742878,2.042995583,0.586336291,1.416398345,2.164951965,0.75414685,0.412778508,3.347323244,2.530825488,1.735942543,0.430258939,1.57126779,5.49242749,2.116028343,8.573894486,0.580500322,6.760703996,3.83543857,0.528593234,0.849595355,1.588487676,4.04775092,4.161607815,0.435166602,0.501887761,5.371852391,0.650728611,0.806083438,2.037661596,0.78561886,2.498983057,33.54661166,4.151116183,3.258029654,2.76190936,0.566132725,0.693685934,2.271547466,0.604395561,6.042531734,2.422019718,6.543529683,2.373376693,2.05020852,0.487091793,0.992404055,0.737274066,0.823839294,2.386231001,0.485304803,0.52422686,2.376559544,0.592190904,0.654138316,0.697377512,0.608906269,2.467287887,1.968138703,2.045686639,1.943145783,0.814121451,0.623941308,0.705209114,2.043860491,0.62338584,0.514597074,0.398353297,1.94609746,0.894454031,1.958206719,1.884094007,9.777243227,2.120105622,1.737699048,0.39803646,0.560615762,1.17155591,0.654025288,0.473374558,1.965598839,2.243565456,3.401513217,1.065287712,1.084720808,0.500366784,0.488280641,0.459843742,0.555571119,0.537501785,1.159374,0.419487898,3.006851736,0.405681098,1.943650197,0.436833916,0.423918027,2.499839583,0.811783234,0.42373301,2.026656437,1.943335609,2.467156606,1.946390527,0.452192379,0.427293191,2.165200148,0.448103176,5.150310036,0.999409287,0.415224605,0.547459842,0.491613906,0.663432966,1.943730677,0.769938089,0.696756557,0.48730271,1.943179081,0.511768941,0.681168468,0.504151052,0.465221532,1.708303908,0.441233343,0.635498744,0.58479189,0.487977909,0.987599066,0.508068886,0.480009619,1.127960651,0.792583599,0.447135362,7.729110079,0.492819149,0.457336376,1.943379839,0.424612835,0.575131731,2.018295943,0.455006839,1.237865822,0.502106139,1.949812499,1.248876861,1.266067223,1.961730514,0.675229164,1.946207742,0.416436653,0.978389831,1.004300148,0.642492929,2.131351945,0.666380688,2.325151601,2.098964096,0.637906872,0.482350705,0.524408033,0.921724503,0.931613641,0.473051842,1.187673204,0.401385008,0.423387604,0.724108806,2.313775951,1.810465314,1.730759001,0.444743119,1.955238643,0.602722811,1.144575864,1.90118671,0.51721131,1.943141031,1.469129668,1.948064219,1.807528042,0.529160486,1.139156941,0.85775332,0.447752798,1.875341151,0.508130512,1.946274316,1.945826895,1.960274828,0.811877908,1.943546994,7.723488504,8.34536801,0.512413526,0.695887182,1.06621711,0.978705563,1.943269851,0.556672797,0.543459162,1.052129539,0.484253094,1.94577922,0.460181747,2.100849393,0.660393049,1.943166699,1.94873527,0.825408964,1.944675532,0.727855625,0.420063521,0.50478095,0.514197096,0.429606818,0.478682205,0.404054553,0.41681467,0.644618419,1.264095172,0.437479682,1.696869246,0.452490715,0.524099764,1.005823424,2.078246057,0.517345912,0.485116177,0.412917313,0.759601095,0.531729138,1.089771888
29,1.642957162,0.506831177,0.506601524,0.745562945,0.699041368,1.94603905,2.234203247,0.763675655,2.047701733,1.947405931,0.796547501,8.274049261,1.309063464,3.865599808,0.504882106,3.040191111,1.298591149,1.41094669,1.416898983,3.23239657,3.585084082,0.888095019,1.86476146,0.908140169,2.897512939,3.701545451,0.718815078,1.076441698,1.050492094,2.337448056,3.156707337,0.426463679,10.68838826,0.855923622,0.51255918,0.41967818,2.521450152,0.399334867,2.785667986,0.448086546,2.084927235,0.875385717,5.213605719,1.994066694,1.140475657,2.056439023,0.832623714,5.763522029,1.344328194,2.338086304,1.974993209,4.402989799,0.602863055,1.379229836,0.725198349,0.565301174,2.693893645,6.315527494,0.553419658,1.487794122,0.465598367,0.455040808,0.648694941,1.729882916,1.975106384,2.237560225,2.221500952,1.949757597,5.915115552,0.795889039,0.665900908,1.943361722,0.59264198,0.553787009,2.230280764,1.208581912,0.642237991,0.79289198,1.190588204,2.611300006,2.065724186,1.692583874,0.425939574,0.531342974,1.141631934,1.253579677,0.508504518,1.584498003,1.580312386,0.678429999,0.943094547,0.598889469,0.540312086,0.402613189,0.566217661,0.525284047,0.71181256,0.912239358,0.427738609,1.997467197,0.401544873,1.694043425,0.60553641,0.43610093,2.811210663,0.72586741,0.500762801,1.333804257,2.009170052,0.479211952,2.072299777,0.435361386,0.398831911,2.056777206,2.449852758,2.660219576,1.364962881,1.028086652,1.925748355,1.994287456,0.565348673,1.967960062,0.833004458,0.791058324,0.504411935,1.96044576,0.56533155,0.732349932,0.428966043,0.561567948,0.470637831,0.483054838,0.642541693,0.477735853,3.555354108,0.641622969,0.483033589,0.572949863,6.083813313,0.626040708,0.464240058,0.7867044,0.482334488,0.513642503,1.945306813,0.422976406,2.302025609,6.915110089,0.474431342,1.768353987,0.403147023,1.944541713,0.411804709,1.096049485,2.268632311,0.743860775,1.95688608,0.561338099,1.022394897,1.324644517,0.56913691,0.801698229,0.574317706,2.100320532,1.943181668,0.733310303,0.483835837,1.94431497,0.805418389,1.869587107,0.438836063,0.830165365,0.422108374,10.23689114,0.61105795,2.092363771,2.44965706,1.758558197,0.399336493,4.766164224,0.622210225,0.78741811,1.77098063,0.493198562,1.943880815,3.122747197,1.951207893,1.744367439,0.498556212,1.099000475,0.792055647,0.451590741,1.837538259,0.483510523,1.943230488,1.946738925,1.953316632,0.749383064,1.943165087,8.037371177,2.186524713,0.54519574,0.683673811,0.625478043,0.975165369,2.050309944,0.546471803,0.520129248,1.116576207,0.45793713,1.954820204,0.510740585,2.060776349,0.640818397,1.943542722,1.947273481,0.833251812,1.943171506,0.772101183,0.423233173,0.54903407,0.501902232,0.443437076,0.436915955,0.399901346,0.402335476,0.701485565,1.37835238,0.416665911,1.799268472,0.441500592,10.96088904,3.816463772,2.140127882,0.524725588,19.84934505,0.411303789,0.626390919,0.513518822,2.155955047
Min,0.957436934,0.506831177,0.403014994,0.463581571,0.513289572,0.919478594,2.062260579,0.522012098,0.569690207,1.945406627,0.538078491,0.402387621,0.550263408,0.636622903,0.400634347,3.040191111,0.719252884,1.41094669,0.430258939,1.060340234,,,,,,,,,,,,,,,,,,,,,,,,,,,,,,,,,,,,,,,,,0.408756494,0.401579183,0.522004445,0.608906269,0.846263755,1.002329985,2.045686639,1.943145783,0.651120451,0.578276346,0.544167275,1.943150814,0.515057418,0.46017542,0.398353297,0.874040955,0.642237991,0.79289198,0.604088672,1.944617898,,,,,,,,,,,,,,,,,,,,,,,,,,,,,,,,,,,,,,,,,0.565348673,1.94318559,0.621885198,0.696756557,0.48730271,1.943179081,0.47735676,0.656960808,0.401023926,0.427461207,0.470637831,0.416713298,0.633671575,0.464885017,0.418271287,0.514819012,0.423793143,0.480009619,0.956938569,0.626040708,,,,,,,,,,,,,,,,,,,,,,,,,,,,,,,,,,,,,,,,,0.596004645,0.538941866,1.77098063,0.493198562,1.943141031,1.023231183,1.948064219,1.744367439,0.487835541,1.099000475,0.775734004,0.447752798,1.83548714,0.483510523,1.943165348,1.943211256,1.949260766,0.749383064,1.943165087,1.928005448,,,,,,,,,,,,,,,,,,,,,,,,,,,,,,,,,,,,,,,,
