,Local LP0,Local LP1,Local LP2,Local LP3,Local LP4,Local LP5,Local LP6,Local LP7,Local LP8,Local LP9,Local LP10,Local LP11,Local LP12,Local LP13,Local LP14,Local LP15,Local LP16,Local LP17,Local LP18,Local LP19,Local LP20,Local LP21,Local LP22,Local LP23,Local LP24,Local LP25,Local LP26,Local LP27,Local LP28,Local LP29,Local LP30,Local LP31,Local LP32,Local LP33,Local LP34,Local LP35,Local LP36,Local LP37,Local LP38,Local LP39,Local HLP0,Local HLP1,Local HLP2,Local HLP3,Local HLP4,Local HLP5,Local HLP6,Local HLP7,Local HLP8,Local HLP9,Local HLP10,Local HLP11,Local HLP12,Local HLP13,Local HLP14,Local HLP15,Local HLP16,Local HLP17,Local HLP18,Local HLP19,Local HLP20,Local HLP21,Local HLP22,Local HLP23,Local HLP24,Local HLP25,Local HLP26,Local HLP27,Local HLP28,Local HLP29,Local HLP30,Local HLP31,Local HLP32,Local HLP33,Local HLP34,Local HLP35,Local HLP36,Local HLP37,Local HLP38,Local HLP39,Global LP0,Global LP1,Global LP2,Global LP3,Global LP4,Global LP5,Global LP6,Global LP7,Global LP8,Global LP9,Global LP10,Global LP11,Global LP12,Global LP13,Global LP14,Global LP15,Global LP16,Global LP17,Global LP18,Global LP19,Global LP20,Global LP21,Global LP22,Global LP23,Global LP24,Global LP25,Global LP26,Global LP27,Global LP28,Global LP29,Global LP30,Global LP31,Global LP32,Global LP33,Global LP34,Global LP35,Global LP36,Global LP37,Global LP38,Global LP39,Global HLP0,Global HLP1,Global HLP2,Global HLP3,Global HLP4,Global HLP5,Global HLP6,Global HLP7,Global HLP8,Global HLP9,Global HLP10,Global HLP11,Global HLP12,Global HLP13,Global HLP14,Global HLP15,Global HLP16,Global HLP17,Global HLP18,Global HLP19,Global HLP20,Global HLP21,Global HLP22,Global HLP23,Global HLP24,Global HLP25,Global HLP26,Global HLP27,Global HLP28,Global HLP29,Global HLP30,Global HLP31,Global HLP32,Global HLP33,Global HLP34,Global HLP35,Global HLP36,Global HLP37,Global HLP38,Global HLP39
0,96.82216592760051,60.34110679404262,9.55756692201362,24.76306258044275,76.03471595624677,44.61863527679111,86.8697636795655,24.00267754574179,101.14700080943896,12.6483399121621,76.3448527622595,194.0501703656068,38.305764512628116,172.26750946492052,3.9539015948320184,33.83161651919528,131.08425044626728,3.791806400467067,133.90430974174956,124.36712350981674,28.615016784405157,38.89439218558675,53.61078123452211,38.124858076469536,27.464367274806023,184.72914636882996,7.771415380671726,60.578365726434924,21.64041039362121,31.52918691539088,26.106839818415267,21.675775900683107,45.00541818515302,1.738168533809926,32.47068927282703,5.84221696532353,39.104823681312666,143.02980596665452,1.596279371282776,20.86529867657441,21.943702634335295,22.530645393275393,64.02214676193194,178.47396528258693,17.08319158460108,5.428355584093424,46.930506680085216,31.20868345902403,105.93896467317023,1.8590807284630841,19.454956891964684,18.216262516527706,20.149578628281745,93.413800695595,122.69025108620599,5.426008687342289,22.226698192802814,98.12399024178006,15.408849697306493,22.003470717560276,41.1813171232601,48.24869102178235,0.4948456234405967,139.1019452458081,136.9048255315107,31.062398173947372,16.981091751182134,89.99171890575178,11.853659632621145,6.995819185538949,97.21355035361381,1.2907541070837851,87.69169564305321,87.54390521157757,15.819575722176012,7.193374332602048,0.7388798580837488,45.25856679568676,0.5426815062460264,11.645258862429955,11.95830450324462,34.32472266125592,0.5805951167000103,184.84721458893966,91.84530806249347,126.85690798786942,180.38493278113012,116.42894165788152,35.45433953373583,82.35955116656947,58.75496517693932,22.314314934774018,145.64189681676066,24.38197175294249,42.70881392416544,178.83834308704868,136.39084682590362,9.879913680569246,24.616524779708413,82.52782472802869,4.07598419214321,5.582905975268375,50.495533659545686,83.17075782116945,9.351886610499264,50.46310786226036,15.203018253938183,3.027200868320051,46.33755967439407,6.833848548141077,38.12186130018404,5.637680473666876,19.691104391429064,26.04427282071248,79.42309302829267,69.24410395463838,73.25124212376181,43.89438052648097,57.33203037071422,41.54707554286631,171.7708840222011,63.24356173570476,21.283575765877117,77.41317370354432,88.75619454997343,92.2061094048816,28.36661922552514,17.199419002388822,88.97234282212702,7.086580743845445,3.089127557110544,19.316745403170444,23.93774830784463,32.28376485911372,26.35558664589803,15.05490910747443,0.679886368936593,94.75543594977228,54.33538843094635,21.072778402567224,161.19086885945842,2.39579675607024,3.343319882410924,152.9390388531163,23.418527119428518,11.031040227142114,5.076076851799598,40.07371731671543,75.00157020275742,5.7877464892529815,1.992022588339239,46.54840886685082,37.0815729675856,62.13402131795556,159.88812599217428,9.929468164852949,13.0626783386096,46.22878332458578,71.71121252804858,13.738742462121365
1,132.92321416720142,33.127289177729836,33.2304075011383,126.89921067662834,42.96954575659379,44.50183383809889,50.32583635520609,4.779516315006219,143.56522862219663,95.69587166163905,81.36377164034474,89.044438706172,30.312109238370567,64.91740181375053,33.82147114818247,71.33093155988206,18.87019430983969,37.343945520605416,22.493143942226084,16.854573265425643,64.4606809771389,41.26566559666111,87.23913342058,163.76936769673324,21.61157969407094,106.78024574091506,19.423489595653564,31.41736200865097,2.3099325903824024,50.611781183388246,60.25738784201371,17.236523093802475,11.639839077430054,22.358291322698335,0.7792228657197029,161.30395483483656,20.002502545389007,18.84286476372523,185.51206716435266,9.176556157779146,53.93636570224169,31.386004014892308,9.965550831919359,6.453199130547773,25.47238088281307,78.04992360490877,60.866064085871244,35.61429317916446,106.89924103994963,8.318915595338296,6.077952531771416,51.25924324185837,8.34436960457515,93.36293600573083,31.033819160223118,135.42490517188628,15.856024855095598,24.61063999740918,118.56172620742768,18.020827639194636,49.82030102967957,41.97969684187211,31.758074071482383,154.69866581716622,213.39027525822567,48.43075914744446,75.62247487577474,65.69244640328793,5.957794194051019,69.04251537875808,8.055965598935643,44.06752468146635,4.560580197980016,8.749319615335992,34.00942162253642,143.16488449312214,53.557004812796094,99.93539374714288,21.06393491182814,28.868583044353215,14.314728779712198,35.34007174176821,15.833114289420962,15.81157482939767,4.74808041115233,25.05104101528275,23.8271676067136,17.268164329530237,171.82295000188012,32.43110189345873,7.67049396154232,253.71699354343735,99.2895669767845,19.923576397454667,164.52937609687285,4.656350103068803,70.54691010598606,22.08563811779942,76.31801194297702,6.752134160074718,23.69305983272568,28.91351258110376,29.46111295780014,18.94267357685561,19.802461095049466,48.89445416543231,134.97410639390534,30.70647512616972,0.7923068714367218,7.434046011754447,19.382388751760004,4.945571854636455,2.682839425041834,58.743916995995505,25.4099531181231,22.214306629623422,56.21333830569205,17.123836678071314,35.762558422419374,149.06297778430192,33.02526301277703,10.731833934971746,89.95272848337572,38.446206372609424,85.30345901483099,21.771189445838786,21.346130948472137,9.862277519300562,193.77351539478443,63.29435448249541,200.55863645813895,117.18837907245938,5.4108530445058705,29.78358689386971,66.83588203447192,71.3424828449887,31.658604765907285,22.174964072257012,1.5813437105590538,12.415491597442212,121.92527556218465,112.00341435364527,32.601849132501684,65.1458810636293,85.02983122837406,7.718014490174085,55.08930634821138,5.450339400164694,38.39228516524042,31.029350250856055,15.782750484858752,52.49633667131013,5.2050900051849,1.9693000087841028,79.5017934584065,42.59417059810272,68.21382923745239,21.068765363595446,15.802395939164683,90.1576438557974
2,49.36610116411629,55.943717087502876,18.71716332461392,21.581805456700863,17.8331775994522,23.084309309277387,3.995938698376847,194.80152405619512,57.788010458045505,66.15776351401712,59.1513214053021,113.70705432601653,3.899769549172447,42.59975687063519,141.45075003628887,44.04087080032576,42.33433822421665,25.87093637886551,62.72616535488618,32.92339910460021,50.870444865301806,111.3214960478578,24.748326247592786,62.07154013203859,3.0832377907818795,96.11611947063557,20.40243006652861,80.24131265720246,126.38241245646941,59.49832667446276,136.79816601199593,134.3698164114191,56.47721877561696,63.26172879744712,5.790022845251258,49.82950853279601,12.742807093927013,24.875499319745927,41.77784669638294,75.63914601991712,72.03822517102833,12.12329028673156,48.49415019745334,34.797907201196494,24.832766133863174,97.40882047822163,37.71795404534339,124.36346033581367,10.369933820801577,63.717742734188164,97.39808648626251,28.633442129249033,165.22365234888775,9.31730330134161,44.0648741921417,2.644202529726556,57.22775906982008,86.39343259907741,25.9696141673453,50.036286346714576,151.28962334534094,32.10085230351956,12.784070114676013,38.11195014569341,10.374081882045061,210.81106967229852,6.833583284480028,58.84586720982827,70.77455802886436,12.48991565096776,116.1415980571195,100.74269555083049,17.50074169809841,11.292556714621128,71.10334793194284,21.48797958524949,108.6509647918761,2.292618007050578,261.37806003146716,93.09649556852344,15.005209451639814,232.92920633253482,10.037124501421658,108.49367159292882,166.64185691115975,15.928431104917763,25.665978224754724,109.32470849628629,114.54614537513748,161.73098942770272,35.68524618841121,22.903314025074224,134.18881510390975,99.69785782163501,3.7385294455292524,8.614828722006848,45.42573650570699,47.39318929338077,3.5272128937924663,24.409608316657057,12.195856993532061,60.83610559405656,52.21580002934593,86.99740142692735,54.142132732024265,11.8579688151666,101.08291493198448,19.64749697877386,17.262267420746355,84.40389823720199,71.78057983775022,37.22644595389204,162.5570633551858,7.471246717780673,20.339371827105595,4.304936893310696,3.940831193420024,15.895465806573782,72.07481607992759,72.4388626803293,9.829433198564118,18.402009110917447,47.93063087004555,3.4942214472847013,55.092194873957055,135.10729261238976,35.002116550776805,25.147367705007127,123.92595806264046,56.12000394826083,13.877072777494845,0.8764195466519027,17.036495323615554,104.77349687011014,154.70670983804374,93.172231811433,1.85005926350442,22.909442070484488,93.7572626338274,137.47783712777812,29.765618089811767,35.330869399008236,17.650739914707458,4.088459416331773,47.59028643801639,19.970109518363074,41.39646986408303,48.21434328521991,12.927327614965463,81.88154024476023,89.3571925696171,17.207145119438906,68.00593168559453,93.63784994416619,3.629778760306806,92.34859252084425,5.854690697882518,24.203659518594804,50.88731974838555,57.551287805417815
3,87.243590779859,29.215750600689887,104.06841594195521,117.17421548796307,44.893478709241606,16.310324186487776,140.45169486180424,67.38820014605642,19.620740757836586,158.00568202664144,31.307618954410543,18.895217241400758,96.63702593504297,22.736567121352095,89.36116745323329,60.50162100489513,106.29559860383449,2.5929277952089933,28.43576343894881,17.52643429726288,144.10696845787103,64.41478941509507,25.869365133090923,57.62270647671539,93.13766440942527,10.513384513719927,5.271201888128928,133.3002054106082,15.430604584133789,35.724167011234215,126.1967824860456,107.71951785187281,58.08674174824057,68.87490816834395,11.628866729594677,12.05538039630278,22.433154957203158,124.83651693119515,110.99390219106937,21.871047297674295,182.15492894400262,21.128047700965,109.20002077372794,17.345821315152875,14.505979775737785,20.437324374161676,7.759315296647856,104.22707594835333,6.505402419393931,46.322253392206335,55.50998922200233,27.75987796338876,15.579167208231013,147.61007300647117,120.78193615304548,16.565434344117705,15.276040227552357,124.66146604989439,34.39558937527971,74.62812663170683,13.224191367595381,38.802842996504125,40.76098750610663,26.680783720742852,37.774411234999775,208.3649970711583,37.28635678119002,18.26758614939223,97.59803324138647,39.37446204520376,24.297525689827523,169.76943925365896,43.949153121494874,25.44431195204112,0.5789182560316135,48.9387910865147,175.3541473344582,1.1233520362097806,83.5326311772979,9.977022445347473,27.29122275202758,61.72568599606416,21.219069613846273,144.07759747914702,6.908228049474474,28.830634250239314,116.77645244787232,37.95635123654432,30.40303456551743,117.71908328385359,24.6106646747088,122.90699012912512,16.759136450579376,70.32259631155648,142.64930130283142,1.5552329915084329,137.0775581226875,22.417631459055997,30.584128432514262,19.290147987658088,63.920369211310515,160.90114452967487,25.191620784516886,94.66322151899675,176.9099859315285,3.4126647351073416,58.54667708517513,118.33461113630494,130.70784850612495,83.67093876012575,27.467228369490613,65.54248933705111,21.102986144828947,12.431501072384947,188.54895921871972,22.742924434410213,5.554510199618505,22.036552062648582,116.16503019887841,89.79847554438845,18.937268622507588,58.31423611637558,9.328480325955638,28.05106929717317,1.0929582660339179,5.851619274819086,158.67638772600182,23.310952461578154,166.81358390991696,133.7808183829821,61.2412717923346,1.893554061950283,58.511246908475925,195.71181683799463,66.3690888957434,6.619246434928641,36.35071650349363,147.99255693919267,156.8067128032157,14.147635445181209,107.72116199242112,106.7726548435806,19.0486750447256,12.03590541220035,118.65656731981812,17.84233571556058,36.39637426985621,35.16489245666355,49.79687719566675,35.366229853116806,115.05925479638285,18.86017606149477,97.79147345431772,17.53896865418102,19.507206024865013,45.4301694823032,114.95622243724455,142.09739959096282,18.383539541632103,14.233243607293218
4,54.86110988619697,174.9390105151718,0.4738429172523979,84.74586430015631,107.92542659439624,18.64437396032912,82.65218035827291,38.4374556979223,58.0876348323834,0.4218980435515505,108.41423219955857,3.3744658658179105,125.57975919837367,51.72514749782937,21.387457285902542,35.32305417933884,45.70721953180447,9.904533097656383,19.76397373564089,19.210982749909704,23.412266868761265,43.21672617546517,175.33671404190153,59.76926293722886,3.168935007968969,107.19741292953188,178.14381444255986,17.627655094149873,75.66406127492496,25.087635076604215,35.53046752867573,97.6994044207155,13.331197248960393,16.88880119190253,20.490065066993566,131.16981405399304,4.47822745557454,26.921157605738642,15.003168252989099,14.72757043113478,37.740674618019625,80.12127586100439,18.369089523435264,65.02438492782863,13.467908515231727,82.11905183369555,28.102761054743894,6.5105285407373685,130.10454081594327,97.38337967933694,40.94556575939964,35.399717587477824,89.36594561777986,22.485851036703707,113.1586978861892,13.391984914575062,121.02247343770819,24.660225778034658,14.135839428256077,11.443885660628894,19.179281829434558,57.30873625182312,83.77359830705956,97.1515382877775,53.86246188602263,22.181070606263688,6.784768594655816,115.0444232718732,88.89059394167953,72.43372508817458,10.318745247320237,19.319604084484638,190.70870751150483,134.25182013355197,117.06422876782369,11.80140869510899,25.050198487007265,15.534963590543839,48.596500402984645,51.384975096943094,111.2698904716625,53.6843675333252,29.18056572282137,67.95388957780773,18.053650211052172,5.485266787183207,21.86965842666467,15.921330788910268,3.5119522625652735,170.57922052838865,88.27538952614998,32.14487957259712,1.1843922281568666,20.863825729192797,79.00351468224221,3.1252481767716063,210.19013112561635,118.30087619446016,25.40931725676927,1.0519635744045672,20.32764166515102,31.009542588406532,11.014284055836981,32.26960787020573,44.55514477732186,15.36959953432222,96.06021412564428,77.25031504326114,53.14518709018188,125.974140196071,76.36213825893554,93.58126363943632,32.791693508052845,10.93400823717377,235.48593109293245,3.7297789182613883,20.78468071721983,181.2663069806971,30.09864214127873,13.559884632051421,21.096875193417418,32.79179278699803,56.11969392090009,88.91559163763071,15.933742992941973,47.52257715774766,3.993184777580609,24.115632979784664,63.332801146701854,13.509697250821205,5.482217205592519,72.82243195020897,101.8331027374769,13.743082115648065,12.01553885194761,14.63757728206781,118.54356665585476,24.737704194587934,18.65871011660431,77.33175260384684,59.21941847811701,5.905481645896032,133.3857640035552,5.057268450065692,99.50141740088759,23.14265748777393,55.994930650637286,88.02940777007223,56.53725895999122,20.33817127360021,165.6219883551085,78.9838608832257,2.267952614676858,156.4272815468409,29.805751334086835,27.407273386857696,23.5348044892321,29.167415641118282,121.58081211382341,15.334173761512545
5,55.842764806082755,25.76106589692131,7.785053986338028,107.38872516595131,22.142490175837622,16.761350187634093,20.81651392596666,63.09717389065247,7.215794148588259,140.6320457893916,3.5114630034773313,133.8178716063848,188.5900843060363,34.99997973513098,100.96910150955767,1.269312788198988,83.64051996974945,44.28683536468759,184.07001254727842,40.68642278282425,13.162693936949722,115.5368385501232,11.869594888160577,26.88138018621538,2.615636012527034,5.581265245858219,81.23145712488952,34.89034801926658,51.2263045297488,110.71554329261909,26.188291203054234,96.81449703944071,23.18523278924664,84.21316584029353,7.038532603572946,3.717976250893514,22.520696339238043,71.84085438480804,66.66293803237272,13.321780338998167,75.23416372683585,76.97216085430114,35.22915991728087,110.88007198774483,20.789014557185283,12.386574136325237,4.722682145855458,17.123001797782592,11.93139197814935,86.536986447976,8.663682668476497,19.58821021924507,10.109631295703878,67.32382721559713,125.03074468270279,6.794069416203513,8.462682736842112,7.7370739473798835,19.535119542839652,45.88409989275175,84.90262088385259,99.9995664768075,4.851409417298328,73.75458025287838,20.600478522984645,91.3726067641262,26.21279640753994,59.25364196772239,20.6732105459227,140.87024128590548,103.65875106394168,2.4315068295944684,31.62536077869032,13.562585122030555,52.06279426599258,43.75851032261755,105.34543206785963,6.651704608214402,20.780345582532448,20.27708071780029,155.25608163459555,62.97348790767006,174.97919776956815,0.5166740620230144,151.10126713976,140.67506360627283,4.872606127171139,24.29214879308489,17.314230939421464,88.88860463095381,62.65178001728975,176.39500963447432,19.045678102910813,10.85166881481399,22.151384288899294,103.89200413835175,118.13065752662283,16.007216588503013,64.49876922361784,55.93895209707193,1.4057193473481107,44.20927137092059,23.194834286501987,19.11523606387169,102.27582319201912,7.133609089002505,3.3831844567349094,8.740026322983738,8.755384213112222,16.475876589982647,16.4144432969905,166.52963058735543,40.29872895610549,138.5176954584972,18.612955523150845,21.988580115627656,108.18065886832488,58.31435803981418,0.8814011324651005,32.94734345159327,55.54603141590053,96.56663435755382,16.614469631880866,72.13662027766776,136.34226895403322,49.39268686061979,11.75671155548207,2.0846948014009286,15.457223462882723,94.20533423626273,38.800433357526856,85.09273279218303,211.96942622281836,29.031074840874794,46.39460661671774,130.33684412448395,16.92494618722941,112.96454828227854,173.86681057798953,16.755759921885783,171.14124490830895,15.028188615368663,127.51512447685411,111.13488197606148,22.739593458274726,112.21451649656842,19.499021640819592,66.74844081225433,18.268676637390058,48.631937912715784,182.71911231101913,54.773548405133056,30.541459592801857,20.382703121345855,150.94800663150974,87.23800667641649,28.23485745837985,90.63902360567693,57.10827600871403,78.60927689844266
6,19.208022393182603,17.230688577697435,19.28042202552058,62.60021082865262,4.459740477458411,95.44633884720417,21.294720997469483,35.52725062791467,42.11808069566098,12.325747658669457,144.3633485539086,13.597008607533894,78.17846109390143,56.17502558378351,104.66272894802012,12.117200979573227,33.55094869764815,12.230270413781454,7.696362137093558,67.61066595512267,25.06264411908637,4.493371308142969,20.684426091582623,95.1853832431865,146.68955781576955,75.14211823756739,47.94550772143816,83.69663346569541,13.745485357448104,56.56252107460887,186.9153404357169,55.866564850680334,26.177107461888056,38.761558315470495,18.882768987814018,81.03669903713597,122.3877609290821,51.0301972949718,71.7315526390023,18.98071140658385,56.627565946108746,29.462274005145332,6.9084425282732695,54.33912200097541,20.711526589176515,117.22818826932541,2.006455240065293,46.30684470233524,19.64285656875893,71.59868700199002,15.99750425543175,78.52817268024319,193.8331646043109,59.434799313662495,214.54568277580557,15.169059380880242,5.861150041158396,2.480674784210862,92.80625667501704,28.746732960693976,69.82963754686199,3.1280594298704614,97.40316831816733,14.193915870403202,125.87862939544357,30.018699519983613,34.49718538002776,143.05466981512296,115.52785948397229,27.121950466460135,8.116933799498213,10.03549200641146,21.472739628667966,6.684815961089896,16.92000628881982,167.99466471481477,89.07420925066151,46.4456569336524,26.798278554021806,151.43392198642852,4.012653180871666,29.319111111762197,1.4802926721584413,57.82291223897346,11.160872491642806,51.16721428626795,17.882098620225293,26.849440645255584,183.40955186226066,29.931962714907968,11.994060225321675,27.513011233433588,11.53183824561711,14.788265538893029,7.369265886245955,38.74287641314538,3.7083453201410634,28.214834309677656,2.116459052726327,2.0525094984888597,21.700785940507558,0.738365411174243,2.1755312402694926,77.46347209314348,12.25306318411566,3.383744075929485,22.251816295809363,62.838105497830384,25.604344320479754,132.11033601684915,0.5435024678721447,24.679432808285185,120.16902023964798,5.307623500520208,31.743333430014275,20.0250732165714,31.51505745644772,132.52590807126353,11.220154457421359,17.24695225940559,71.43635569354637,57.084166122536885,0.7061376171477036,15.204751855914594,42.87208835068736,131.33837905056407,36.9989086678907,81.04679902001459,4.6139354786029685,76.28289718198926,74.18024577853555,69.2714836945222,42.44378589227915,0.6121759195125946,21.255003632972603,15.220647276843522,96.1578736496383,40.94560326581029,5.090885665783503,13.251066875982929,51.954326576027256,15.936779156844125,36.436513457662386,11.866598468968846,48.12539204042986,56.05613613862863,179.9051647867171,68.07399791466793,17.06882383459765,69.3860775691171,87.78289732798356,5.368644362970713,23.934371814849726,136.93775552569394,58.14819517152199,51.80047162728539,1.953390463563153,20.575529903806455,95.0583705562147,40.189694710955564
7,43.52059713557213,24.644031421470743,39.99058098160816,59.96266727255232,60.45747100715613,181.46940631617286,10.091085861614033,17.504530218265018,162.77124978184668,13.784480493425349,40.24157090721678,11.872097424454921,10.32531339355728,85.08117988128231,106.06350250453943,98.20218997090569,30.827787804200568,31.558300142427584,75.16220587794732,66.72633016694704,20.410912099352743,29.101002895653437,90.12540051527708,136.48904080285115,20.333946206922747,13.663481417161506,35.6186957290376,13.593296154024415,65.01903316957151,129.8787326799482,9.854901901676442,7.12182027234428,51.918511486694,90.55825445707183,17.942852747053223,201.31066671772612,80.4508360176469,115.1300174219408,33.630291740360235,19.453762794295187,114.93536434831282,96.08074666667079,40.58604042113939,20.536510843849555,112.0739913884297,66.42121784851594,1.797215492386897,19.599384719899774,144.98271282245437,31.328779243733663,7.192572017816076,116.62615141587167,32.70427890922889,62.811867536785996,9.424474489148906,19.159954880790053,64.63763498485076,47.87967091301715,21.78145425312914,54.85434074190465,23.374370174617752,2.1926093021806423,23.23609663824834,8.862571266861664,15.30590821039209,0.6325865275850333,89.15067237454127,60.16395729037089,8.145167217056041,211.95833426861063,127.75339958174538,35.45407808696331,53.49848155776601,7.988485215045614,164.8614150174882,56.69923921460719,42.82254092680307,279.75649446749475,15.328498402436708,11.077697245367403,108.68612746901249,30.490186557428842,1.914269305959408,7.142027603187046,10.06345872535121,25.76949830468783,3.9477549760860597,135.94359797369958,5.247765032108418,28.370554818512517,104.22860457192593,24.539511422767816,119.4697546138018,13.703362612628496,21.027122085684198,12.672145681984148,46.080557397625796,4.9826642099982905,128.65278275837863,5.229540375555359,14.672281139526206,19.633353237676772,3.087721693359242,122.26512312194347,60.54421030648609,181.29825543847738,9.361511930876475,1.0289544858530348,2.854593663654043,74.04625378686967,11.051840959812239,29.544213588253115,29.265111137583233,52.747544211640786,3.3889405734893785,58.713733226230204,23.68676793010428,80.94273467037794,39.01749418622177,131.8160667192297,91.93008840135201,18.03599145022588,80.60235770957729,25.976889992126644,136.60011226027893,19.58565866283999,49.83891009521733,104.8639032745067,113.64093034705076,67.72246264796684,11.837224705913798,16.71631624716133,18.05958613933865,150.45727732051296,3.4775799823932516,144.90115379473377,56.341441720735304,78.09841952184848,133.46378712453583,9.901063379608672,3.186307762991021,16.70688712199268,112.76800124080972,9.543210546731586,3.825010481268748,83.91299892658338,30.63717058887306,13.128611623875258,9.182766285622392,27.945769495746163,3.889668905513645,10.129294237727095,249.01792093585559,28.35741177424552,16.08566993679193,201.73003732043838,121.42662715454867,132.08836807705472,13.81499370240033,6.685186331556338
8,26.773127812335588,4.273593562658391,13.845799483842882,88.12056618177473,104.21715918802857,18.320219542542645,155.94959737129835,196.7070647085513,128.82919282849969,68.8485692763407,10.318487371240963,122.00865174018912,18.318373864029013,26.315265853643893,7.6112070386009805,36.09426480737784,9.508535718851817,14.217097632750608,37.3149564973524,49.669043931362694,88.21379853216575,77.39141428811786,15.456023700325886,5.679705436213737,21.181003585612075,30.93617186733161,26.764727624951036,45.328880980518306,162.7937813553681,68.50968891656578,81.59454574474927,39.57507693095613,71.3305867493533,46.05855318585833,22.860255331048677,17.960878661534764,7.599774775789626,19.524035041757486,16.241435010615476,23.557397439803253,78.52849551060848,35.47213487003086,0.5798215620230849,20.059383087073513,19.267371027460797,38.91448864790851,21.91761170401469,18.461438847606132,54.572252070238676,77.70450453411132,26.263705225599097,41.856347451113606,28.054634351766026,88.89279916624139,28.570165856069195,149.2203669253089,107.49881851261665,22.653085111167684,151.80350339116404,5.309539466202921,112.40558806318512,21.034352614666773,4.716797693396927,103.61768936533792,86.48740745401494,77.76298235463605,117.58687965215859,44.93708046799651,36.00255888688628,8.993387865388456,50.10860165601787,2.061305884747469,24.868995516453538,192.49244319023094,43.09872685904594,21.18360389957502,0.44003350690627485,43.5072901723488,96.36196463734376,134.40465970340438,187.29101826252509,4.241142730886963,100.59457035122864,25.064413305888706,75.23305390458933,127.02357941794713,78.9375122133763,38.044752973209654,16.989220481297934,95.07714165398727,0.3987416269038704,155.69626031548006,10.642416341361525,10.130734249335887,30.27306282863799,15.434572759248681,7.534444973811787,149.59868723990567,38.80684515135238,20.049443919676833,21.799392455070063,36.64135867622724,40.90921560751548,16.72960894165891,18.771325692275354,76.38483675518819,2.743958290676005,1.640655498793933,21.80160926140144,47.861228887127254,91.96987631780456,51.43748737639572,9.4293653996113,4.712220134900463,49.01355804926334,84.71621848720571,17.734425745376086,31.67695405865635,67.46379410856468,59.464079900872775,158.87690957042184,259.6299677862336,208.26183200072458,40.763484916865366,2.8175910337788537,91.03609816606581,28.911950246922913,79.98467115459732,25.684591064546794,158.986044132907,90.5845760905782,50.65807714415104,29.687109229890552,4.587427739072837,76.77696298458841,27.78679019528647,23.410274310146235,64.82694578555873,0.5993806885657023,91.79772865301413,0.5200134382702686,67.4792213848167,73.41472875816055,82.50778294356883,5.118647069523092,141.35651752306092,36.54128630047711,2.3034341491971873,175.58472685163395,4.721154124713792,21.67994411434995,21.350881689007792,6.320968049963483,181.88477996966154,159.95170458092613,115.37201998945613,129.34940885554113,72.26419531632354,55.092801478264505,62.04773937734791
9,5.962079595322166,50.31602762926457,180.29464922298752,43.257141208439975,26.444447444976674,16.86185846186197,75.74775419029788,32.94966812315113,9.1854519595189,146.5247503548883,181.8661623389716,8.436077045708373,46.77119694167419,33.06092308663136,11.675273719748873,81.15977325717631,34.783677475711556,19.919437495823274,128.61342870635457,5.323012595858586,26.25143651777961,20.769357261992013,37.40866092397437,193.998707414776,134.93706964179012,33.58907969518111,43.84770656092206,171.50040279120304,28.10971932532192,63.80336753480242,2.465479671912874,57.432587523237146,17.0200367260465,58.616742135586094,76.20294043227022,9.584354945403334,24.20333586117522,89.12542094357997,12.974991122113579,140.5356827112114,15.937243435458072,20.51671038654382,47.99316377852625,132.81386629306388,31.799927138476505,15.471556773344219,190.92790200007474,122.7457785311401,16.010943153894402,5.889622883883021,3.027173686945275,43.78000892390389,26.723498759668132,9.88097587837018,184.34764811418444,18.086494256994968,126.28698631291184,38.46057414902225,107.65998164242211,183.02211369556446,0.829151193097573,135.62469007583712,18.96741024511624,84.6621510637064,157.6654090112571,19.072203161423204,39.752418105002334,13.031519482584372,17.18568409821711,56.81709075446918,12.526030117689231,16.388866388074632,83.50025939576932,67.2086758386348,163.8066120101488,29.971584088980876,54.04987925602586,63.599294000711666,17.273141312671896,138.3046777779374,51.82249242468316,12.825744750773822,39.07762666697022,19.02722814756538,192.26242738488898,2.0393149036341356,151.35163607447507,30.729587150476846,47.57032598397552,25.33909799164485,81.5540842294289,113.25402162241551,162.8378192644306,17.62851223364669,5.420936823868658,4.193134943047653,40.36350153517952,41.95944973476418,26.580062055796247,20.91434647164374,23.58257734334734,33.791446968107664,10.790129020080826,18.703187640132796,49.68983385492294,16.276677134665135,91.92248304560326,26.16208634450851,42.84583814416641,96.68789544134802,133.6795255187934,40.59335188764851,151.39475184250432,31.23940486300063,4.951319787983209,69.61098484473399,75.58009483815846,123.36982542209779,138.00891169884414,16.694622500484513,33.105766882832654,2.6428757035467925,169.70599445686244,14.491330063320106,149.72971529172153,47.179543597244674,11.210767245034674,85.07545216830846,59.35693662000244,102.90170088595033,60.40751014019963,23.159274799463446,61.704580329617386,13.42895817906657,33.44061627927243,14.723796126540037,175.7818493700632,20.819495866810087,61.14694630220464,4.785311978579273,38.19007423371852,21.417128264618498,56.67414264552838,18.30049643489184,20.798189914425336,29.02094696108486,91.51645190380685,7.338357968127298,23.184849157449378,29.32398915130699,32.48986923345683,34.74242939500141,19.565572151680556,22.273491421983067,4.5141774025447035,3.665323222348775,143.10010108907983,26.216990791400576,1.280879835247049,120.95521734018001
10,5.72612009539705,19.137927932205173,15.695550035739814,10.960889035651519,17.826434506406486,12.426904903983825,44.05137989069766,13.058383124518002,4.346128391907939,19.16357354951191,308.12909601160663,10.960889035651519,11.528354808178335,10.960889035651519,17.508299515778162,23.449341646281027,10.960889035651519,10.960889035651519,5.103479528726496,9.049973763956473,19.038377680257383,13.420942651911787,36.62944504596203,19.54243954515971,7.018954128181292,54.864096012687696,9.511552797994966,11.557808150181643,6.290194559347697,33.04746231062023,6.181908913815846,113.0157614705912,36.112202170577916,10.584175430739037,11.029816847266147,10.960889035651519,10.960889035651519,26.183431984555625,8.561344409604317,8.582353837228084,10.960889035651519,64.78946612379366,57.42627597638074,6.601863274693869,133.92513748101874,6.359139444490211,10.960889035651519,88.05557003365567,10.960889035651519,16.582990550866725,308.12909601160663,25.915842773912118,7.636308017942326,5.4325544680430085,10.960889035651519,2.2494886483750633,17.508299515778162,308.12909601160663,1.9837662460606111,4.62907387027667,17.508299515778162,18.76399141138006,33.425978173382305,0.6865854639348754,4.389387685978932,9.539493830437436,6.808014007957809,10.960889035651519,6.064613224096661,17.508299515778162,10.258036091873805,1.1259892953196982,5.703811802874895,145.8721908793956,8.560395756219464,99.6814880757853,6.79081751195838,2.0579105204591883,145.8721908793956,17.508299515778162,5.043183452695416,10.960889035651519,7.845322899634482,308.12909601160663,29.91714278818688,10.960889035651519,10.960889035651519,10.960889035651519,20.33499680998227,308.12909601160663,4.774988371192421,7.814931735601078,126.51291241825749,48.19297699443928,9.738244252266895,308.12909601160663,65.40212654914006,3.093362678872495,10.960889035651519,17.508299515778162,0.5953619206821941,17.508299515778162,16.265124856857767,10.960889035651519,10.960889035651519,10.960889035651519,3.008579238737468,10.960889035651519,14.282963297934828,21.138534389367805,17.508299515778162,8.914583657313642,1.192124406934397,10.960889035651519,10.960889035651519,10.960889035651519,27.71992973472595,7.382271149259623,10.960889035651519,12.917113628245545,209.4964530573904,17.508299515778162,10.960889035651519,29.76406109575487,19.78779008009201,20.82196504300856,25.821627009893803,2.512700135418811,17.508299515778162,18.227748449382545,18.88691087937002,5.769650077067524,1.9583064264417658,10.960889035651519,308.12909601160663,10.960889035651519,62.648649464147695,16.565655247122322,10.960889035651519,107.24575245699555,44.07664985271009,10.476254907145801,1.1550148194260146,10.960889035651519,17.508299515778162,89.0374136146927,10.960889035651519,10.960889035651519,18.61652054333507,5.897792880111808,99.61769716222244,2.8061477416593448,17.508299515778162,28.538593086000105,17.508299515778162,8.884437081774138,10.960889035651519,2.194266602465632,4.61187950328349,81.46480065659875
11,2.8026474618780526,17.508299515778162,7.126034110858882,11.39294270387228,20.153499100286297,10.960889035651519,75.04781192156224,5.372683444038046,13.780724786688324,11.584943654815618,45.780984170277236,10.930858926326039,10.960889035651519,20.59417626909402,15.317793298377524,5.811319169994192,2.7271104807812208,90.84037042645087,12.759822589306452,7.4384497741470454,19.35263318864793,67.4173190178991,16.103203337591253,18.627042991373912,3.55488358338431,93.54531092542271,5.100064399947996,22.59986229184034,17.508299515778162,30.22940729798364,17.508299515778162,10.960889035651519,22.08503058940255,117.5530490693618,17.508299515778162,8.269601869210305,2.263551789217786,54.54501301038283,7.386776944077212,9.53443107677839,8.327126595170341,21.136054078178574,6.873385412006655,3.118989674006002,12.840145908191914,17.10167809207627,21.714095026992993,20.599378396148268,3.3032372538854133,46.79814012352631,6.562171769322958,91.44059351029756,6.076619621955217,8.78930899698969,17.508299515778162,10.259083302622116,308.12909601160663,17.508299515778162,3.7170700330827913,75.10156093361121,60.28828992612222,4.574712483671988,0.8492031111777578,14.822962170591438,5.224131787735132,3.9168523511299327,46.82346957788303,26.93908491810174,2.467249503018195,10.960889035651519,3.8204947347160214,2.8126698513693213,10.960889035651519,5.952109575549628,10.960889035651519,61.17890029837065,21.48927894524695,19.07491374860956,8.327620126248632,1.6489488093402542,10.960889035651519,1.6192827221966013,4.845341693233365,20.81159791343981,23.655802722949204,0.7523916144127725,4.535322914640346,19.463897116156716,12.68073670908251,18.334963378039618,50.57301776237614,10.960889035651519,308.12909601160663,10.960889035651519,4.547795836810394,50.773459744796924,10.960889035651519,0.5869742073178941,308.12909601160663,10.960889035651519,17.508299515778162,10.960889035651519,10.960889035651519,17.828301333981074,86.17401440482388,29.568116593396667,0.4268468405562089,308.12909601160663,30.890058229491217,17.508299515778162,10.960889035651519,6.120515623000017,10.960889035651519,1.951911108448087,4.525378332183436,17.508299515778162,1.7616408060562776,2.914062934968456,19.58664394217368,21.27730292955613,308.12909601160663,44.98826999685349,17.211314136795465,17.508299515778162,20.94373120546112,4.848155425542416,18.868047232998435,1.006412730293846,10.960889035651519,13.02965736947931,15.667796641406824,3.4933741231927797,18.67225483087202,37.04921262690152,10.960889035651519,308.12909601160663,10.960889035651519,10.960889035651519,17.508299515778162,17.508299515778162,22.594341201394684,10.960889035651519,1.413949854041448,19.37820437883886,18.65007275901189,133.43676205600298,8.441406627492881,5.231403133652805,0.8241782815591705,192.4613830297893,17.508299515778162,2.5031023339204808,209.8213049980328,10.960889035651519,2.2147904347846747,10.960889035651519,1.9465677934210817,19.044190314076502,1.9431447415862522,308.1290960116068
12,7.386809563959275,1.9715117312549069,31.323107224648652,13.597953558544702,19.962517359116475,8.649060450318586,80.5424170827772,25.03061634386313,7.961959859413469,16.58992894504655,5.726120081003501,6.29027711221994,6.835261363605127,22.048068710726454,5.822730107279767,21.563749059455233,233.65052858293873,153.01334728694212,20.80777154247403,10.960889035651519,62.32342284660655,10.960889035651519,10.960889035651519,21.447678370244432,31.872431712208652,4.459099667759688,6.5506306660781775,58.47140953321514,2.854046364278531,233.6505271753981,5.091810931758175,5.726120079444797,0.7782672857047714,12.486980047163854,2.8131257007435693,16.93220220645128,12.352527085949532,27.155601921346886,12.455673948770539,282.91055538251504,18.315882534708464,116.60620941612194,36.79127027122655,0.5199155646426448,13.024842056741079,7.799848080382901,308.12909601160663,17.508299515778162,36.838752921475304,80.93047077803789,31.872325907869026,10.960889035651519,10.960889035651519,9.697799868788081,17.141067404515013,40.02467717397661,4.310311635627784,9.014202808837581,10.960889035651519,113.13763704376237,92.01764296250212,2.4947303713351516,0.7846995850845815,10.960889035651519,10.960889035651519,3.1263531362511117,13.375658712277072,9.061723953615058,10.960889035651519,145.8721908793956,4.388379365683761,0.5085069952810386,6.4176965976373594,51.13471082220394,4.659587562316688,5.310684515679327,31.64718930646734,17.508299515778162,88.87077469136165,10.960889035651519,20.183676679622693,145.8721908793956,10.960889035651519,14.480324666802119,20.32107236471751,3.2229986162946034,2.681675848325085,19.59526990463337,9.772119700029748,19.362965166936704,10.960889035651519,2.690314625221106,6.77273473826466,7.996241716903796,10.960889035651519,139.92394815276396,7.400134962349796,1.5734544635917018,59.47336029380364,51.44773715314926,0.6823875261598005,8.20698551408816,12.440534417547155,10.890753875353369,17.508299515778162,18.01782557001087,2.196364389019834,8.006069766558483,24.32028050592521,63.996869883092984,15.344072423373518,34.277175186512295,0.6775419684381632,16.281830687182037,40.34559505126401,21.093482818525615,19.15500945574746,10.960889035651519,4.391112159263571,19.700182046517682,95.17089840649231,10.960889035651519,1.9437407507502371,7.390990614577618,3.1071646011566827,10.960889035651519,10.960889035651519,10.960889035651519,3.9631902236389465,0.6276884964273677,15.026665958072044,1.9431506509599217,17.911868684457488,49.651015895156036,42.41001490732589,3.0464451121250704,12.586898463627278,2.0422572886842545,17.275344933056772,59.42002935316532,28.76492273581124,11.752898321644636,1.717959388834288,17.05157298923467,7.029791565904304,2.394900146107375,6.058561364436116,17.508299515778162,10.960889035651519,17.508299515778162,1.0292338614593746,1.9691417214369835,145.8721908793956,17.508299515778162,97.06142271683609,0.7834382610174089,10.218922332758098,3.2469622979015185,0.5654836642698342,17.18944156930212
13,38.15479428383554,1.9461193698940065,2.740201252977556,9.639191578247221,21.500120103182894,19.925339895039258,49.01175093571504,18.011988253659126,16.952792017342063,4.7339650548523196,22.619834392919188,17.508299515778162,8.83771474922321,6.848322816859309,16.57705983560254,6.930184820707268,15.608030459489271,1.1681526042373775,10.178594779417665,0.7155023177387534,14.729866080888996,9.364096834781662,23.958939191042873,20.051173877763745,17.508299515778162,5.045912222741094,17.508299515778162,14.962771323317043,4.882885852964648,27.60714528766755,13.9637567896051,50.46695559622441,4.967081875689814,29.653500636674607,1.0749467601537503,7.3831171777197255,17.508299515778162,21.351839342871642,4.407041851497411,5.849052993815917,5.252676633950955,53.436716625026975,21.595704087662625,1.3789527729164206,11.143773096605798,12.884063541745888,51.694195035513985,19.700446823110212,4.497424063108326,5.273951753998745,60.95236997841249,19.74343475287941,3.6155495278035232,6.46817020502732,5.980006072775609,2.8947836013280153,15.208467593032196,2.2603160544383627,1.9541592485355181,6.392456553123623,128.64081108686014,1.976020490246185,58.65342004017964,24.621633336550815,17.508299515778162,34.94133994868503,10.960889035651519,100.16500686876185,17.08891318003191,2.834258366173117,5.138776550150283,0.8200502464906094,17.508299515778162,18.96702772922265,7.1627076067750295,19.17546240618526,1.058875644327486,108.03024495019133,1.9379312353470937,3.670219360848421,4.199988639358708,2.054725379010222,1.623786475671352,3.023662614727016,45.392553499126336,2.9977481423086942,2.30177492754234,17.714234684321127,8.677500754161429,22.050971197679416,2.0425408023517093,2.146364543199013,10.960889035651519,6.002005900389861,20.117666478185697,10.960889035651519,22.5712742177235,10.960889035651519,18.966529106874532,12.713198201669513,0.700144997303255,2.4677904561631863,42.089909913028464,9.587743234750405,145.8721908793956,12.525186619142403,10.960889035651519,4.570194725017984,1.7264292523310019,8.044168870553108,9.664388582458855,1.1371218781622474,0.4377075740974874,18.961929127618248,2.112028314624581,11.840644134513752,1.3433698120264808,3.079781983564942,20.865800544206195,1.9517078587896322,10.42000902431505,1.0824418648942356,22.761935509118814,18.348992499776386,10.960889035651519,16.69270968138443,12.163872260384096,2.361290775458542,5.5808149668729925,7.142048489515446,10.960889035651519,2.4061262359581406,5.859990772790297,5.498754215642634,17.508299515778162,152.13126336786203,7.639573948498992,145.8721908793956,32.01143777350768,308.12909601160663,4.269174866511321,16.44002674706678,0.5627804443498121,19.49552286605092,0.7151794181477271,0.9008080610295224,7.121584179137528,20.79075121880868,2.2405364728456334,12.975578856710172,12.45488336258262,17.508299515778162,3.7782746385496466,28.247145690490754,52.080043688393005,22.651050614054157,17.508299515778162,6.892786162986795,0.5420894681348045,47.77853813959484
14,6.675552939795125,5.316123207980127,3.9826777798027138,0.4661345515537505,10.960889035651519,31.765246853734084,10.960889035651519,10.960889035651519,7.6580090084931385,56.22806934016472,19.365023113403254,5.205128669266628,0.5678051292637178,6.107314161264469,3.269538631809212,19.18970418252485,23.69569612530114,21.371747638613385,7.203044092501955,4.379072762377177,13.67770700417691,19.300515811850687,11.204958481055655,10.960889035651519,29.234610131868976,5.019471694086349,12.946517299674213,15.941047124755187,58.770861409720624,17.730706448321143,10.960889035651519,19.777572855725623,63.491611539040605,56.916877730467775,1.6693493343659043,1.3805486047343152,1.9431451444633012,21.779671035796582,18.937270973923773,9.182611258457996,3.4581802950497718,2.0077689631361295,7.527793813865969,5.955291141967734,13.37057096567247,10.960889035651519,17.507741804051648,55.59818024873215,7.132819404718532,5.167938136905946,10.960889035651519,58.72690004217651,7.35158767137483,4.28511377058652,11.264780619622684,5.2002601726613875,2.565879315705274,2.981442425493981,18.57829676593201,6.331106091846834,39.47467948760516,2.2648671433395293,19.39371639228216,2.804814998252823,8.528171038516007,5.055958477710078,2.6641941422290074,53.78062480053984,5.162895925369355,18.927761259103818,2.002433145558598,10.163987789143391,4.464705526878788,4.4326492372659345,32.20173962658822,10.960889035651519,1.424222680094033,53.00867559591239,29.092564262530175,6.707502370226678,1.0276627921485897,4.233100072246714,20.719038242621195,5.107534110761776,1.97532678945214,17.508299515778162,4.530782454592895,10.960889035651519,10.960889035651519,42.894981677620194,17.508299515778162,9.508059883165174,55.08817410934461,5.030963677643683,2.5996887536069266,19.131975462533944,4.760937071292176,0.9791020555148293,1.0642453705745538,4.986035760047457,0.608222417307843,1.9436061012994514,3.429154428584468,7.495766606095117,18.324269347473376,3.790513519465094,3.519162379156967,9.835399691649627,10.960889035651519,10.960889035651519,20.587027602784133,10.960889035651519,17.508299515778162,21.41711782378303,11.355689679165266,5.7907215445459315,10.960889035651519,1.8311892743898852,18.36048901334317,18.76478148720298,12.956125713122503,2.1889683553616237,10.507923527156208,1.9496912402712496,1.7839496159869555,2.34303988559833,3.56777777095391,2.074217746141642,2.345770594998953,0.4359942755335737,2.1573907744383973,0.49900498361751033,10.960889035651519,1.8155773803212583,3.2316595908857835,2.7181937105467,47.23307043635327,15.640244649866645,44.81097111676502,185.27893307587567,20.146746890854843,17.26977231697009,1.4922108747206835,10.388887190528237,0.5597948391470595,0.5811960909242089,8.172611110014202,8.842204760264394,2.0828552328237606,5.075561011455534,67.43250967047936,1.943147886201757,2.3945410677658288,7.562253777686408,4.372287168806565,26.480413027938027,3.7991213661746315,1.682221861688845,10.960889035651519,23.902099411692745
15,8.7804790144869,16.848838803830517,8.670762126880334,2.22388634880474,3.9196988060583067,7.9315182123071395,15.195417971670793,5.1428787664071365,3.884709971091013,3.5680892096825687,4.1768489982831625,38.345341511481365,11.92780460538853,7.748508953957753,2.4223985517178335,4.986782177150303,4.471706826001991,2.920382790480403,6.10051882722388,19.7248760886622,10.960889035651519,3.505142686031604,12.041460818885469,19.849348210310268,1.9441968238799632,2.6161850236721875,0.7570864699068807,10.960889035651519,3.4273948666046294,10.960889035651519,5.64149421575496,1.971549812451542,10.584213935204843,16.430591009364093,1.745079630228929,1.0537732582214403,2.4983212777803487,96.65580918302703,6.50549447382582,89.8928142735802,2.0470881284585403,3.8458522454253057,2.1476953706368818,0.774058877395305,6.066830597737123,4.211336003062058,36.133994500902645,4.648807886928353,10.917247326582753,10.960889035651519,2.4399253434993398,3.380515804008212,18.43958880533495,10.960889035651519,15.09236880046626,308.12909601160663,5.048754630007068,1.681390510639858,1.078682522384213,41.580511067685904,0.7778109883269053,3.007676831161575,3.153415304395253,12.717468812296602,5.082678701003886,6.419025304752324,3.8670557605437352,5.0574169659345785,3.3434901839355007,16.66761939307071,2.847496141216766,21.10403339587924,8.652902161476732,91.04033112037666,11.030876081049882,16.068588359324792,10.960889035651519,2.1616981618050772,62.451787990906325,8.561147809083764,0.48946320765583096,10.791445842412429,0.44529219890551985,10.960889035651519,17.508299515778162,0.6296115240400582,17.508299515778162,9.574117251993812,0.8867750157202181,15.815778032140656,0.4008031163151031,17.508299515778162,15.548631368596261,2.7591573199126174,2.123441028832815,17.435610269177744,20.018996618898313,2.4910264285446146,2.42348975681341,2.013879829557709,0.9830267699729234,0.7639371885599076,10.789326495801504,3.5402871799166746,2.4995884836238247,20.42749539487113,0.5648582932491877,19.33174536123022,19.63490683060138,33.259960111103226,19.306784771670436,3.625616509547683,0.44330959184344465,15.361935544817413,17.745583901481098,3.8097815506094435,1.5538062600701323,2.0467625358593864,2.097139037766169,10.960889035651519,5.040490374113574,1.1311149971868986,1.8713415628442363,6.381452392600465,2.3100601414539597,3.0149189380234134,0.4632378174658811,0.6312595110941857,3.9413108409482334,1.3749830554669416,5.254161884748044,0.6673184368792136,12.920035998456342,19.33098030071966,1.986789003697993,2.181725328476773,9.124778470646845,3.035024345350905,18.031924974698427,0.5184680579936867,14.876465426827053,7.896794230971523,0.4222422523343994,2.6231136336222676,0.7743279259442488,308.12909601160663,1.8998534336949433,4.870367575125442,3.6791654305446855,145.8721908793956,6.8748833257486694,1.9490713717630683,2.7153469418569216,10.896218576939475,2.8623208712780865,21.961468651785935,6.179387979584817,1.6112421863776376,2.9028534196510805,35.711505736021195
16,282.9105562109877,8.77489645995314,8.992795603800744,0.9423437464770359,3.6753902234178213,3.589357858974438,308.12909601160663,12.778259241256194,1.8954040106813181,4.532675409899582,7.583838106779183,3.973732940758339,9.10289071148037,11.007655665023435,3.53786437939425,10.960889035651519,3.2846637236226,1.9911197959403921,5.17327064342777,0.43872330522913217,18.426762418591466,3.5978935327239014,10.378565120010535,19.78172724002519,308.12909601160663,10.960889035651519,3.4474230266907853,10.423107416778123,4.2664409684980455,28.620098580465367,1.9582339447217691,31.055740149435394,0.4465556708738063,2.200875093208026,2.2179124381341353,0.8345772369594329,3.1516136992092925,10.960889035651519,3.5984580765745022,7.653893225474633,4.844480754768654,3.564362749627435,1.720569082736347,0.5456086249205896,10.739455953082313,1.002992285349194,19.592925833966376,5.464821457036351,17.222131612153134,1.5975799189048416,4.030119121884752,16.92507046948748,7.498279536821315,4.177539991804792,4.279591857142918,6.559215849039674,1.3055078748646451,12.307405932412621,1.3185138850466274,46.87996553679477,9.14957829802239,2.47016517111706,10.960889035651519,1.1933868098320772,2.6461200272092356,10.518290531276591,18.441212879377474,1.9431475152487678,1.9852639404422234,28.341313497527324,2.1953622463090596,0.5829567533978661,8.727860739642551,18.036982699429245,2.1426884638065644,5.294407483021587,20.190418268123153,6.767463727442703,0.784290235768367,14.969026856742289,17.641662976670375,8.510644781543249,0.8438705150963983,2.3224507225235698,2.0208431508862077,9.021054438167766,5.452252478831156,18.966711946785324,0.48426573612943,20.61534063431111,9.266106571557486,1.9977269373510467,19.458242949130465,52.618458047840534,2.2584982692022777,21.470015041620286,308.12909601160663,0.8646802329857906,18.534947501009526,2.9062796818009247,0.5475508757368743,145.8721908793956,1.5856981393150704,8.901218313648087,18.455974125982323,1.8442564731438438,0.5189439140445984,4.083915387167508,40.236133384003665,7.442490210072151,48.65963025757554,1.5265055985369713,0.8070599570768877,2.4084248194993734,15.737751005964412,19.87150175129102,308.12909601160663,6.178722552412523,9.955567430743429,20.736853494819457,10.960889035651519,12.357310156399592,30.28726917211185,5.642046166314515,19.030852395522118,2.4257691770120573,0.5317192510607924,1.9630577230773838,3.5175340132985866,1.0831151567380175,1.9432314790294072,0.6394023150702992,2.2024860741588554,20.67393052457669,2.594873222227136,48.22186742323203,4.693476234729246,25.053961656766944,21.727114348630664,10.960889035651519,0.5816430316663741,0.6142625677045999,0.4430407901176068,0.4442598118307046,0.5370765141788638,18.48737645959318,1.6172056574334874,1.8630985252104324,1.0003605420728263,2.5413590654472955,10.960889035651519,0.6209234899707781,23.708610238480617,3.890064681748015,1.9559208024791133,2.0859262649594825,17.587568597087966,10.960889035651519,18.68198138673813,10.960889035651519
17,18.206847735719236,2.0075868947516256,69.22800799582188,3.6742355953248307,8.727677975412917,3.3786311978552703,11.450493511122772,5.040752824586946,3.2119316181675686,4.023635169594229,3.208491583432078,3.9600154592209265,0.4533540949644248,7.436081016806952,5.329422153585597,5.413283885356805,11.487414484241413,0.7023281033177113,5.779973616387622,0.5750887229609702,11.505578498583702,5.10293254267043,11.081998579632454,14.138768739714806,2.933959831468087,5.165637488630864,8.567388591148699,14.784840179677872,3.401587448164605,26.95340946198337,3.722774169892091,17.508299515778162,0.7930675639159972,14.275193421359972,0.4123820076338234,2.1193016866439507,3.827484299169157,2.017884860901404,2.3491839662272582,8.963634467365011,2.4380440563326715,10.960889035651519,1.2661281087830503,0.6377774304410195,2.4793156823661207,1.0706548336048058,19.556567746017947,2.4587169528383583,1.4085076442203217,15.456994672476526,4.162781787707388,2.0934627680106246,3.5846447252428675,15.901601489974382,1.9788086254517339,2.032796388895349,4.960350785089929,2.327363593750249,2.292238335251511,7.227018013307031,1.2231708489772473,10.960889035651519,21.55257208914793,0.7318654102685969,3.0989944860469905,16.57066108845936,1.2925825205306865,3.557359708180911,18.153675304941544,1.9476916499070285,1.9735861102681156,1.9442582729121796,48.08060267469523,17.508299515778162,0.6883217628307534,20.755584895316872,3.4953309250451525,9.767833078686408,5.246995508742202,0.47876735349393584,0.408271821811411,3.4834270248385337,0.5572155868078426,1.9575367625024,5.863831918928042,0.6002187019628877,1.7174730938593257,11.775919589253647,0.749985841794512,20.342963023372988,0.4184483673627142,1.9436033196013227,15.750806530113778,17.508299515778162,1.9466237924162897,5.757923439584829,18.76790364314394,0.41330349099530395,5.19309015237269,5.31955897715801,0.6589861058531596,0.7590614667212208,0.8150856348656816,2.495760475832185,12.201341155706132,1.9779907294603731,0.4277443346406926,17.508299515778162,13.23432296863325,4.339186512962499,2.4305724005046727,20.80051111837895,45.704789895511794,5.4775055777273,3.2469426537742834,3.8225610968708565,1.3534715602900178,1.9223040123195005,5.521555710050848,1.9453851501812665,86.65880238699793,0.5930761999220522,16.89013486113737,23.031683877277544,2.0884881110197284,1.9697715212055869,2.0798222095601204,0.584191230442741,1.813892235810954,0.4978552187732248,2.0355660001559954,0.5699435037259377,4.069291804315412,1.1459794135779475,1.9924396520465848,8.891621294130744,0.9270544483586036,25.876103183291377,11.863907194322394,4.525723656268667,4.1005001803472965,10.147911530924205,0.4676254151099215,2.1966896345925306,0.446501742436169,54.77367190502082,0.8639454111997793,3.4422680310411806,0.8501494014856235,107.23055507451375,17.519449150623018,1.9439555105411728,25.20199107862237,4.433768219382614,1.3429593774530986,2.4057175226199092,4.294659870001624,1.6156995847545659,0.5564023439490029,7.332026910907473
18,6.316300776225489,1.220066340698395,8.520352781318763,17.508299515778162,3.591520232761411,9.81687527020938,2.0061148353484555,9.902062668877704,17.508299515778162,3.9882172293561666,7.301233964812752,14.77441248072688,0.7564267793894146,3.480483043296317,0.4955762081555122,5.544904905772171,2.092004324144739,2.4697239771878117,6.034905092425447,0.4556632298264276,20.81229125169955,125.1740092063921,6.596478528987575,14.656430281245719,2.364955308072183,9.613335427609513,1.0262254712419576,10.642362982428153,10.153028219576242,17.508299515778162,3.047980497263609,7.950504391260836,10.960889035651519,2.677950873956547,0.6830420725769955,0.9627181634339763,9.250542929735161,22.492659462025074,5.057546168117369,6.635820879265623,3.9193903843121802,5.134758993658465,10.712416542430162,0.5465875035845329,5.491943468994975,20.52448704973358,8.549148382549447,1.9716389333842699,2.0245504316020515,1.6698053431219932,2.543216239053777,3.705468053570428,17.61250527146791,20.15825729928997,13.43825818020099,9.47246995570589,0.7043881473602482,2.460649008161056,2.530546269034801,9.436746690092605,0.5030987737101782,2.3654842689044244,1.5553852381548836,17.508299515778162,2.3834244649706307,7.2789482085248665,1.8230708234500526,8.122317811773769,1.9453603967310187,13.695956907168295,2.368686113240244,0.5579992075607834,2.8906086172137293,10.960889035651519,2.779430698382839,5.044798401171363,2.0144300213063957,5.438445526732778,7.057872446637589,0.434529842114614,1.0536318557701065,1.4815702055705628,0.4644880386326804,2.083046469790361,4.351080529034846,0.5694200552640609,2.4624781065039087,4.193893254270506,1.1299376550815623,5.119592638541519,0.5006044037398851,1.9899638458247182,1.113358378610144,3.77772182316005,1.9680956566978693,26.58352602973622,4.3553274093251275,0.5032727804928641,1.2842324790283328,4.079518718629572,0.5163845448980737,0.7355338393878128,5.773113814891701,3.005144774711141,4.867468496924573,64.70189036595599,1.943140771064236,0.49477406590665396,3.588708272186693,5.206657388355779,0.6568122555851232,9.41872851365946,0.42953690437741443,0.6002679934079538,0.6787620713532192,3.167406197807395,145.8721908793956,12.62058160330588,4.166934356451179,3.6041791800026886,7.134191836179525,2.0436894358511495,0.6688005072594478,1.0665890002813967,2.6323664348086027,2.2706056993028483,7.894035175771137,0.5501378502208922,4.492465509883914,0.58689886843365,20.76764658461815,10.960889035651519,4.988013405423203,17.567550259788106,2.093106175396258,11.753320321336219,20.749142173623966,1.9440468114589748,17.733001970547946,6.23634692667423,6.181795792232151,5.751569306509907,0.4409562730270409,2.5406178184292685,0.48651596555322385,0.5792332210056657,2.1755264335516813,1.6789983571084122,0.7369090091136172,2.7095330789402965,6.669614947604998,0.7013448655294496,3.8114167036303,2.143037654446516,1.0387788710996801,8.383321303503067,0.5539266398273526,5.715550226256937,0.5285063279404199,3.100738240584292
19,19.68677939633011,2.046461514332236,308.12909601160663,4.758781097244878,5.204222037554871,7.146211162702912,2.417736889063974,20.342051764267865,7.788984430170387,4.0271423919414815,3.9621137264473987,2.129075580455833,20.5282523379297,4.7360798025313215,1.5613118188666135,4.938265624039673,3.4183593441140374,1.1890748526896573,4.334730506878827,0.5207098929745939,10.960889035651519,7.558869741771105,9.911220463927236,16.705752743799223,2.203928130500799,8.989754630254652,1.0649581201271872,308.12909601160663,1.1775463317429171,17.3778482671525,3.2939580724170128,97.75557967322652,0.6006123151237261,10.960889035651519,0.8905437376508871,1.1022862007951062,3.001690325947777,18.22441115316343,0.5606576657780238,2.3079745940871135,5.941251230654757,2.0198475800199844,0.41843726538991177,2.2792420651040857,10.960889035651519,0.9618139930489065,13.666232298949922,6.485271164186713,8.25749264107344,1.6161327203336668,29.148144158848936,3.2952274004121023,3.61088811867927,2.2001888155566576,30.234448066281573,0.6406935472196551,39.48172075454761,1.4908918138926879,0.7066293879449859,10.960889035651519,0.5022468735375014,2.1010330734115996,2.637751495332907,0.5683022778678719,4.525922479745645,0.6643797525950959,104.95010369932703,5.292469891149892,1.9949728113451215,53.91257507440554,2.4412714995285683,0.46039106197025603,1.5862691460334872,3.213519547484225,0.7452141686122218,5.07003204589347,2.359831316319287,1.837112996209953,0.6301249036846457,0.49228534435894744,0.5390166991286378,13.463762658639553,0.479173170522472,0.5623075950584848,2.0958940680872047,0.9520972351590444,32.499327114048754,7.382153555540469,0.43905584873215275,1.747961036949789,0.5362064975584531,1.9444550652326598,1.0412133395232672,3.011913480799194,1.9876438206447915,1.095602790376347,12.261485444647406,0.4679473390963267,0.9064276567149818,2.9761773731934227,0.6492747637156526,3.4031135870166054,0.8468961194614621,2.7620643360261283,19.953059935250053,3.360151762759756,0.5999629761736287,19.417760496311814,1.0752933546955887,4.0954136233273175,0.5866961768978172,17.508299515778162,0.4381899727888481,19.36128047075033,0.9309876418229237,3.9076426657094316,2.410039844178357,1.9025989074500558,0.6235214093112518,2.0256145254904823,19.581579592910487,4.018678170237763,0.6982384212703892,10.960889035651519,0.963895961418757,2.050504147680954,0.524181941091399,0.7386829722090624,1.5688989451143698,10.960889035651519,2.003161473710236,0.536119653527237,7.285847741195482,3.523318194118076,1.943205449186621,36.152246267326575,2.059406723814277,3.5292990604144734,1.0406017095375546,2.032523000365188,10.960889035651519,9.0056543016874,0.4544903811547556,1.9608568101847936,8.320306668591627,0.531057121408594,0.739425433406609,1.4944581218225608,11.846909761502104,2.0478214636439134,1.588994529918125,0.5309653428003003,2.0258550106724442,20.71226394476639,0.5631207717414668,0.5248713695352194,18.3213799923098,1.5655854400150702,0.5460775145358525,145.8721908793956
20,3.6003773147884317,1.9633356061533505,3.5881189290938664,2.529904426197845,3.9434656268152253,4.565397942372158,0.6913132904685995,3.931855222347849,3.370535700665357,4.043216924594674,3.451636000354881,0.7942032570497872,0.6059347766648102,16.310524557128474,3.505267629130344,11.546809426596894,1.9488312352591493,0.8398136121387552,5.170853581150311,0.4810382831233255,10.990537210976584,3.615138198241766,161.03462711172273,19.1196182703834,1.5412051856943663,3.6563684479243648,0.43146159204064816,14.625248995085315,3.1656549039116726,1.9485700746694192,38.29160138074241,2.048662250550535,0.5603071531232899,1.1131890718330624,0.5075470813134189,0.9497763446546514,2.5155457141841,13.503644988150882,1.806344901316038,6.037419679008224,2.1547173404004525,2.1715360152776384,10.960889035651519,0.667592765352083,1.9577983764448277,20.79423558261817,4.051034500297817,8.681599317044402,20.919924395612384,10.124385172549523,2.107188589195289,1.3096699535134348,17.81207384201707,2.24711772700158,2.1083153360333995,5.270490209433774,64.24851054961243,1.5875008366969041,0.5420060277248808,5.061989487993458,0.7200938001639088,1.981060672437252,0.45413888099267297,16.667034810321127,2.821817839736468,0.9695799464888069,0.8595859081644335,233.68974999606826,1.9483564480479458,1.9942904421904473,3.573029945331939,0.7754381727542068,1.4407256851070542,2.903770062343199,1.9495519515284059,5.320402977721869,0.9110702596095166,20.078449194702614,0.8979450796351784,1.9509527299182423,13.334557691399311,0.7917672013438732,0.4574985978142081,2.1324396012984153,10.960889035651519,0.7447116933373081,4.981002641744681,6.721993805745967,0.9268482539574165,10.960889035651519,0.44029577424868194,2.5888352141892597,1.9524718964562453,1.388419797917095,1.9515236191862755,1.3566755580693552,7.59903816983109,1.9957255409856884,1.037753761328588,2.423548343637833,145.8721908793956,0.6900582129004533,0.7357249256309046,46.530353918953836,2.2266344639764952,2.1652850909417793,0.49185855895132136,0.9898095440220231,1.1481216129602672,1.993514074902862,8.17592314470977,2.4715730393685362,1.676816495964431,0.41662805085610444,0.6235500378454617,11.952648979699859,9.13264136601839,1.9676534653992803,0.8514437692514889,2.584213297000929,18.730672713138517,3.114005772291762,0.6877190506850184,1.1511207271722697,0.9130357645957474,2.0760591225642315,0.5336620919841835,0.5518163448402902,10.939662201568922,0.41884766257658157,1.9611261680063876,0.7095303275744982,2.0532688961956183,0.6185383506656876,1.9452970255686637,1.9653875869630042,1.9675558515966145,1.9440120267260568,17.41315717114236,0.4376362819623978,0.5723630868523628,0.6798509260182755,0.440297521229013,3.5008503626518177,0.45210408407331215,0.5945558640972877,0.9757986739377884,1.3839390926957549,0.4614490485127476,2.163527188323542,20.031668842078716,0.9603903226252442,18.380097696642054,2.194436371229756,10.960889035651519,0.47938482781938774,0.4346361256047544,1.8939423735578202,0.5282135349085024,1.061081562578977
21,5.980146913773751,8.21883844137301,2.2511213357582847,18.493447084815955,3.6770040829246113,4.730139989095335,1.9925396086593992,6.8829249704972995,0.5617043248548725,4.046189939061719,11.044364062294164,0.6649943999343009,1.9208230451885129,7.226021280673933,0.43382355300735753,0.5863342184144358,2.968257522304384,0.9549321366416734,2.9479359704541253,0.7300869264742005,13.217611267131986,3.9905485716295175,6.3330040893494015,1.6851477217354613,1.1171375557568126,19.41544077821112,0.7845301463207761,10.807390117191346,3.0603320813957566,6.031443006990969,3.040631381122182,2.7869674923566095,0.7759829997759198,1.907973562233451,1.5557604163089422,0.6707201569704466,2.571775898761075,36.54210124999372,2.1797176119635537,6.334975877290617,2.1194589139680033,86.9888341724041,0.4984496545090451,0.5666469724454828,1.4642888561102723,0.9993445068752749,1.2828193289082606,10.960889035651519,2.2589699866949218,1.5412674281589602,2.793960128577794,1.5516432315797033,0.7300126655031818,14.940167172200916,4.057725751347732,0.5923904355444165,2.01586647271904,4.3828892327081235,1.523668531903752,4.756439467214875,15.725036388082344,2.145430497807297,0.4389192796293173,0.5071481136914713,2.522780478344373,0.7112634915105218,1.0806880768828933,4.40254080595156,2.0031895998852747,2.0774372336355214,1.957970952772314,0.5076060612075253,0.6076957562740404,2.630434415045613,3.158436836698513,4.907359756099993,1.2800718560123414,0.4758590892546408,0.6586241302493931,0.47582088558078794,0.41752279834918227,0.9005444682514394,0.5029704058591733,1.958810359957397,2.702703307757645,0.4737029606080796,13.004038549902134,4.068326120197071,4.646400275314193,1.6492960811090143,0.4068676646920153,1.9574670873815307,17.508299515778162,2.8767905735251134,2.415193471642965,2.2656746174466207,2.167898979576819,0.45809512526710705,1.1393391107536104,6.473530225180582,0.5659911044756996,2.05052194658424,0.5564525809204497,2.257267658131184,1.9453173775408459,1.5663701701227524,0.6913918852939673,2.205218274080721,1.009071792110376,20.82159827206283,0.6329019267440685,2.1419860917145,0.41602372664692666,0.43417611308728965,17.508299515778162,2.959120348812803,1.228172137257161,1.9635955928874864,0.40786919749172057,2.0399676460177147,19.078579714885734,2.776313714756384,30.964802036620767,1.948166375965343,1.0624839441750282,2.8029486319318835,0.541743743228551,0.5174606863612894,1.6584928286389413,0.420145607052973,1.9527284102805993,0.48362850295842463,2.0706527189119583,25.96077194296595,1.9432189025931734,6.8661534723736395,7.9496634501009,1.9475534818564597,12.384831181431139,2.5379299383427565,0.4984557714305424,0.6706503993469823,0.44838471655799594,4.9743570046018135,10.960889035651519,0.4382516640844756,0.7289523048829096,2.100657871854594,0.6871674446034604,1.962844966604223,0.5341248059872896,0.82506620142982,21.14243346670287,20.13021334815636,2.2747197600052687,17.508299515778162,10.501516607064161,1.2322689039652914,0.533777137562879,2.830532425424849
22,4.4987001646805425,2.0172819883985653,1.497010293339656,2.1807746211871404,3.6338533832231406,3.526588627874389,9.369676813818955,5.273169603490771,1.0091663555942887,12.046344874840202,3.126644800321003,0.398765675004654,0.7857939041633131,4.601582596572769,0.6500628620210023,0.8823167418022422,2.3787528922869683,0.4319391467412288,2.6680764979704463,0.43074888829693236,8.226568858479084,10.140656601001126,9.338706327734428,3.3326949923551297,0.7379843582199328,4.439523577121236,0.6620142827007385,7.7666363532575815,2.00973085182477,2.376871999000116,2.2763684646980664,2.190767177124087,1.15740716865605,1.4215386618876664,0.4082721507937208,1.0657226286962782,3.352264774726052,8.440039479790244,2.0866085408994763,2.08114461850937,17.812807895596734,1.9626123549551835,0.9822662544959826,0.6662196806336169,1.3783998492932028,0.8610018291228698,2.370566162654427,2.6876125456452087,2.453227981212706,1.4852283532417232,0.6428606449833296,1.0466325003484371,3.586726016311218,1.9776751053247494,2.3125691562645443,0.4447884236994355,0.8007938840218571,1.4743643417605767,0.5871851443989726,4.569635159721088,1.0309343657635281,1.9871539392105433,82.65123856562053,0.44835088445790916,2.3336335510169306,0.7986256574110371,0.6222815449181667,8.01918339112467,29.155731745091714,1.9495058415357676,2.004248865851821,0.4599003941699493,1.871109641826763,9.339829354343465,0.41695908535382387,36.180112658114126,1.3178809165326015,0.6219654176790073,0.5597534181713968,0.4579118084712377,0.5393150576322228,1.707439710522067,0.45876477676694094,0.7380748500308982,1.9642044098197289,0.8241384897983153,3.385268624860487,8.269422770366646,0.5022299176238789,2.140377222691086,0.4544370231859034,1.9863950566220296,0.5630403018785728,1.7758116572525182,1.9495212332877259,1.207690170311821,1.9432868417807754,0.5083280107818382,1.0338349299966012,1.1352203432892907,0.6554999141383178,0.944012227989731,0.6654661403827049,2.7421870078845245,4.779612546464932,10.000155040213997,0.4478853183106821,0.7481062052375478,0.8289440094263227,19.920079065906634,14.070009888118818,2.379323812132327,0.41447807643749,0.4347550834506819,0.5760772535874708,4.024124512454932,1.0768373688716792,8.403847788988628,0.5396938173333297,2.3332468762192775,9.910273389626582,0.568420586180423,0.6722642371253187,1.0682389685924818,1.1252351409907533,2.1398784729425984,0.5650176053453606,0.5447719562888551,1.1330946293633701,6.9442879925536545,1.9724461574159022,0.7050879665008551,2.057873077417696,0.6540811596991603,1.943701387047895,15.101298294580602,0.8725396020998915,1.9431430268097074,2.0569964671148,2.3166710907767083,0.4730043074737864,0.6467643595137815,0.4345682107382913,1.9993833942634751,0.402788372459554,11.115902111493938,0.7393054138076991,16.21960544552121,0.4539191488665324,1.870658665913652,22.980917322270727,0.5281341583034873,24.166424665931345,20.15564960967106,0.5332213090923119,0.4831449011719542,0.43241033867371925,1.8256826062957998,0.5020335211437441,4.754094804615136
23,3.138647911551004,1.9434216172792276,10.960889035651519,0.4097894350159663,1.977406337727757,3.3667953058733815,3.5864161506154915,1.1183929898108431,5.307606635781667,4.025026536204507,10.170913791986322,0.4798493101492909,0.5274351375100537,6.887571403013965,0.4680837130658233,1.2795995659390655,2.716061070602052,2.7828581505293073,2.0928056877019685,1.2522739829683474,13.626039380350505,3.6406289912572447,5.828871187547918,19.003466648957726,0.6359168851068375,2.5149520500032168,0.6305037960466962,23.46645955143964,1.1420176032969493,12.185600928821486,2.0376958380064707,2.59908929300002,0.6514020346689335,1.0081086977655787,0.8295103752743103,10.992236259287381,3.0694541678789733,6.92763018504877,1.619932221220381,1.7060879595598522,2.1142173707988263,1.9437622645828014,20.623552391451994,0.6116006104077201,1.9683412603661168,0.5224597913444882,0.5372952628990788,2.0474753506697994,2.698952091549245,1.6202575044376317,1.0014595442017935,1.9540755735702078,8.666397167089542,1.3262533667019056,2.179338838628837,0.5247302903097761,0.7238911601296536,0.5490317242191622,0.4134179891797771,3.5705620653222354,37.547913586561776,1.9472213028810756,0.4318078627120485,0.8721060376821015,2.5435961346083786,0.6743621764343288,0.5113584277905829,7.16892857536368,1.9556485589662316,1.9587944603542837,2.0420602892157262,0.45379321050603494,0.41730555759505705,2.5182480564302523,0.41554870856958814,5.042370684593607,1.1317520623702535,1.4101040277478774,0.5618332922530271,1.8993324241987466,0.5641455541527876,0.8658193238592844,0.8821769033440319,0.7580406374530071,1.9458860868246575,0.6104761108925345,1.0053947495291027,2.6442957263707854,0.6807223046581612,1.138626700717282,0.40183236778170794,1.947418706940823,0.4553826645408776,1.6739297935175728,1.9743603272062842,0.9758675449647285,2.035497800313408,0.4098869673294985,33.36731465472769,111.4412024074262,0.5242320150284172,0.6938338946275735,1.2890238182217786,5.19309605298389,1.9447301664067709,13.459139984762885,0.5173866126722828,2.174142725082163,0.8176270184001169,14.035337044271614,0.7770672064246469,2.704005155492723,0.41899655609171305,0.41528886443342117,0.6321052286262443,3.135074213229359,15.640298786076755,1.6462947093550042,0.41888936205032223,2.0325166907612697,9.067153367550077,4.639069376489999,0.6685565516723955,1.1014707572068687,0.9327576903677368,1.9433565032630895,0.519610026051339,0.5720933329915852,1.4934459794260988,0.45789953918148285,1.9632393183883323,0.4664003889415653,2.0399100302655597,2.305193122359981,1.9432008060248904,1.9447972218124505,1.9449643593624728,1.9442093180842903,3.208880882451865,0.4668701103547619,0.5706018868375509,17.508299515778162,0.4339050344472639,0.49919735592703773,0.5387837213819466,0.6366588912189286,0.7564135068769815,1.3175521600567777,0.4255647175688182,2.115180600195629,0.43714688376877575,0.5571034207316075,3.0192355932420583,2.388293870186544,0.5167987176679958,20.00533946976634,0.42397166363133465,1.6819817959697048,0.53317422243083,1.6875481496131783
24,3.734316914403678,3.7728323924387155,60.526900486788804,2.2374016511655554,3.687428341295231,4.225181281261598,0.4943016015131434,4.380845433060529,1.4038207274933256,10.960889035651519,3.3455710028995895,0.48218610186705746,0.5898641863120702,5.173530205662701,0.4869390865412697,2.2336092371007794,4.025677966102421,1.2094796225390496,6.1214614341466245,0.42853655491921927,11.513465705812507,3.3372872440238552,5.5757647360874785,2.919002024109261,141.29810614855688,2.1664137674197264,0.5978652275193213,4.4908527793320445,0.6394348035826738,2.517311801259609,1.9599921111441745,3.3992342180538913,0.5505849504036178,1.2326426173867162,9.657790363286551,0.7726940691142659,2.889074344067865,13.483253503053561,0.854692325440567,4.101731550695149,2.1079822602069385,2.082642659297619,0.42939470848159544,0.5561289941776408,1.8285980248782039,0.9527361004794557,0.467694754654417,3.025562615273998,2.1231433679482166,1.9677272534703434,2.7960870511977305,1.281052858774217,25.68007048503125,0.4756761973980588,0.4883469844938304,12.76590456602463,0.7126928856329187,1.6962462124949411,3.1590244870886863,4.581284763462747,0.44059704281465883,1.9675772617373468,0.4095869376118344,0.41592235007715317,17.66173905847711,0.7283796605474322,0.7508538684959376,3.4257654049216058,2.2591878890315797,0.4558446524586657,1.9818073583466003,0.46505105236263944,0.39850035099630077,2.6523043112296705,0.538959771030477,5.107862571938085,1.0055844471985438,1.4804366353772025,10.960889035651519,0.6685905323395787,0.4172165889570465,0.8191077804339102,0.4564086980865909,0.5292498332258901,1.9454490671101894,0.4813079794328132,1.768358760600961,1.9874767070816688,0.4799581999762381,1.4571868528547043,0.41213425754210675,1.9432647049857792,0.4318009157753977,1.6517402829780963,4.313920877236399,1.165380603409858,2.719940165611888,0.4521976631907023,1.0406588943807265,15.22312372235632,0.5674709403231191,0.6317794633941958,0.7788952937814884,2.469016740197958,1.9568799305590119,0.7825899129995832,0.6510778466295051,0.5357998862010618,145.8721908793956,1.1165614489184463,0.47309362632864804,0.8822672251870927,0.41186624583662024,0.49567831909234883,0.683414623961994,2.9494720201207087,1.1441250449504423,1.9988175039705425,2.2211293751579433,2.3018962314886267,19.999278846065238,0.6206711033397596,0.6938216756316251,10.784135938931513,1.0537678549884504,1.9438564824562832,0.546595125568615,1.9477261159395312,1.1909274568579917,0.4648332297147135,1.945479353111864,0.5113185530995565,2.0590499851861637,0.662926060760185,1.9448265793435553,1.9462102344222671,0.8391465319695612,2.245766274092489,4.5692508305800175,0.4426429855061542,0.4887581024402152,0.6760840513063044,0.4253159490189091,6.332031730218034,0.4036643170104526,0.4026604115140344,0.709547272510747,1.6286572477717982,0.43401102753637133,1.824383690715365,0.4594061357220198,0.517327349190225,1.402102396070461,1.9073097417327745,0.49623087925772325,0.7457125752964089,0.4735121059648577,15.112161063728536,0.5039424419538818,0.9735161175012195
25,4.434336288019779,2.0040444478279937,10.242837815911912,25.985286350273157,3.584370122703433,3.8801476183119235,0.7053348033239217,6.185637414724965,5.5671429364633696,4.03847578680984,7.018954166229378,0.46319755230183546,0.7013228819876076,2.4057092741080623,8.688833862630986,0.7258154646463595,8.234761401102617,13.062519927910841,4.2377193047328205,0.717990606700937,10.797224883263311,1.741096701787285,2.322232705878264,3.0929289000865765,0.7935829360582716,23.187495168956502,0.4020761455308275,5.879463339726556,1.7521895191733279,2.018771392123597,2.6138620616733306,1.9432146731852527,0.6088527340631913,1.0305685753155558,0.4016319120122489,0.9931465319974109,2.5047730559008983,2.216653787726841,0.49843041944660627,1.9606386747081501,2.011436131726441,2.0046982853863256,0.46653542556344973,0.6036498821251257,1.3685718805884335,0.7138238292941423,0.5135398407305161,2.305134368347808,1.9763577521983962,1.3934901167492626,3.4199066985286777,0.6062269760346339,3.5061983656814846,2.071872368579136,1.2218254243417732,0.5507139859419681,0.6208975929333178,1.3612467422424857,0.42730095881745456,3.0876173839893113,0.5198641919137117,2.044759026964414,0.3982139084747587,0.515453019894494,2.667658881337786,2.226852779762339,1.962175843268426,2.6731652875475334,1.9673069864429635,1.9468646174902347,2.152852671018536,0.45654394893136896,0.6929322874792092,2.5163990379178927,0.40240831690454115,4.757831802993849,1.4198021615371772,0.5014449731643822,0.5590521166619737,0.4714473248687341,0.4807617328400511,0.8479476352009669,0.5342982638237004,0.545115830458144,1.957142589070088,0.4365182953242197,0.6459724330366612,2.3770283782656634,0.6293973419434451,1.3899671441056398,0.4187537816657141,1.9448542191133242,0.45367654305727,1.6190930518350797,1.9439642511806596,0.6623603933612117,2.159938344507566,0.41452068637551065,1.0082097227835334,1.218673928620433,0.6446632655833469,0.7071464193035695,132.0278258009264,2.635826770743563,26.33826819785918,1.440549026221106,0.5586085271764318,0.5226288897319478,0.9413609375368992,1.0009796097473895,0.41605521991920114,20.965541340900643,0.4124162278006338,0.4127857698807702,0.5964915661117516,3.395187750976845,0.9983358247715728,1.7466501556349954,0.8375551766349645,2.026614863367172,2.1897856114000547,0.7079141249990926,0.6735613363698008,1.9489820182788549,0.9568196887352087,1.9432500140397337,0.5281461043798572,0.5225408274287133,1.117507656836608,0.424134008540932,1.9817479993895972,0.6180896748588793,2.0697639537901296,0.6750957092984322,1.9431913215360055,18.12536599539635,0.8691525212763054,1.9441553514029124,0.8530980944498197,0.4305799357616138,0.5537698545722378,0.6810073133246988,0.44829201553562825,0.5678746594422819,0.400336063432178,0.47944900953336855,0.6998455778765447,1.3183648824195302,0.7540937557099028,3.0982983742994747,0.44926528033698787,0.501963830494617,1.7767376164135271,2.129432532148769,0.52449985341309,0.47346521931910956,0.4237771414991016,0.7101422601251102,0.5737073648376736,1.0682465693686822
26,3.584040361958614,0.5683743156039895,0.7469897179533405,0.4144649027437026,3.4921585715731567,3.8790767029478275,1.9490013039409178,1.7796834407556616,0.6581988868580311,8.25724514587705,1.9452784049057072,0.48795079622772164,0.5122853430279406,2.851354248459131,0.3995020816239503,0.4537116984738532,3.1779325566994885,0.4078296687856664,2.5011932908265635,0.615423924431866,1.99887230256968,4.3776178252505815,2.0333866484643863,2.7639166145633567,0.830090431675842,4.732098471968186,0.5248047680566401,7.631659048272638,1.7614731206162446,16.447719356177743,1.992637984656426,3.511510686662234,0.5394774423750732,3.118635431267478,0.9379685213900757,0.765506542450396,3.169401155092885,0.6202477214568489,0.6538003313025911,8.607846094336594,2.0854847901281346,2.0039644071182465,0.5290503858258262,0.5676545734543197,12.552412619459233,0.545951492562665,0.47376377429969807,2.021054410999966,1.6838834787824908,1.5455092282022065,0.6967033375848928,1.3058799913966368,0.4703149682437129,0.41658033558496754,0.5318993465230619,0.5321330790887941,0.5554114439684668,1.546667691560856,0.49064959009388076,1.950846853237465,0.4245822926541791,1.9508095085329273,0.4272992918259888,0.5060338124017107,2.110349479433978,0.7699734376734568,0.434782195787875,6.453937509251546,2.580144032381668,0.4983723089796399,1.9515683147075151,10.960889035651519,0.4209814797932836,3.155698617323708,0.6362200535386364,5.052879689844531,1.0704772371350941,0.7059176026094178,2.2184167546495814,0.47456554560380937,0.43789841525784823,0.734768770011442,0.4562501026264272,0.45922725383508123,1.9457148842068932,0.4174782325385422,1.3261632539573611,2.0095757012128956,0.4340917813738656,1.2033280172312288,2.4604356454050844,1.9585625851408395,0.42631581505327176,1.2716825189995689,1.9475870006575065,0.851167295190919,1.950819247704203,0.47949027430559,0.9467708438701266,1.0976974710164882,0.6890917622255301,0.8119756835288854,0.6368834879632459,2.3287445444291848,1.9445905245759718,0.6973872162359385,0.466395247420337,1.9872456323931829,1.0070866603624609,1.9494880591339552,0.4517682311603153,0.5144395267323034,0.44927607236087397,0.4128953457259854,0.6634330782436564,3.0666083616055744,1.076031395882012,1.7205739142048628,0.49132657333387897,2.183072114073582,1.9555250235612789,0.5734490948769917,0.692896486463269,1.0417096720739778,0.9838851920524121,1.9433576554691285,0.547439041339203,0.5071061116012174,1.8288423609334359,0.4551220174395212,1.947795468156471,0.46421961820124125,2.0601973740042467,1.2295344594635367,1.944614771900035,1.9449828445706885,0.7971631260373329,1.943326592580945,3.74906605370262,0.423810003003382,0.4986264711779995,0.5226980462152824,0.44437951073723525,0.46259429235516336,0.44211566729705964,0.4007787827652578,0.7012310812162355,1.2869392449527481,2.286752511928057,1.912551823659328,17.1156758303905,0.5300234897469522,20.48107520744179,2.238948022159377,0.5500400587910121,0.5012116304495748,0.4108531774750759,0.8164274458994214,0.5446900317161862,13.217876648612616
27,3.7778761203719,1.0869246952775597,1.8587375405281819,1.0762930406986584,22.47227317776509,7.795364056671474,0.4660640296393126,0.48339879630248106,17.66015561375923,2.288108143039892,9.51819033906446,0.40489904142270916,0.5806363118192621,4.564201719313928,0.48199191029101485,0.46479184470143764,2.633399022439278,0.8217934519975643,1.4763762985262474,1.3084910566568055,1.9509137763384956,3.931534962192984,5.427536727667359,5.253832719377897,0.6652930596005717,5.194015307289192,0.40234851654622616,6.315790804780306,0.9583892245297534,1.9908489856735514,2.1552423012100235,2.1011071734523625,0.5221832618261146,1.845838126793069,0.5737208889158865,0.5586779213707018,2.828095136489708,0.9997426145458803,1.493370111345314,1.6364139789487808,1.99559979596728,1.5706035950414048,0.42268145664735357,0.6019894906189052,1.2286902101619148,1.1072703100699641,1.8234445233409247,1.9435473501088154,1.1951134393831353,1.6849931597342334,1.1391699511281104,0.8742443629423065,0.5111190704876662,2.138681969356014,1.9431912076007052,1.9498321675910688,0.6591110256785555,0.7780196244576132,0.5721501700220983,10.420798427764225,0.4837161338764986,1.9558584134670696,0.4257030776843749,0.42824527993326456,1.9457563547042014,0.7870911662663502,0.5284046609472739,7.122227262903266,2.0962067934571564,2.0196050470448768,1.997639875638754,0.48645423654909337,0.5733280705140373,2.2843253603336393,0.41039980500846696,4.125005564274602,1.6276131894159676,0.5527090842673488,0.5202886423156201,0.5146200456004522,0.48477063962906186,20.676905771692134,0.4824085614596356,0.4791125095624693,5.4774465702305974,0.5332120874309112,0.7798562582908062,1.9528804611017563,0.49877032490189777,1.2268658571719584,0.4264238005051766,1.9432448674933198,0.7105061677980302,1.4734103112916728,1.967578813747025,0.8357280619651419,1.9433660199612746,0.5609705520229227,1.0379902784726482,0.9977416968552006,0.574462629968366,0.5497708455109773,0.497657147776863,2.6174209520792715,1.9724177828777556,0.7815643258460909,0.6018929453493911,0.5734853448026342,0.9463548392075154,2.2810100862113245,1.3288918359625654,0.6330718629119474,0.4387864521759184,0.4026910822718719,0.5589102315049672,2.5970610098102043,1.0990404201519937,1.9027909995764958,2.948886197748493,3.182373555025549,1.9618560434527126,0.6365355276279274,0.6814096439782702,0.722772748408147,0.9928765367756682,1.94544264543282,0.5664884168949129,0.5163848363751526,1.096248710641646,0.44372109103301227,1.9621647915014364,0.43421733541077856,2.0892217977491896,0.7277264284589364,122.2152371019863,6.934608427297633,0.8984820100565685,1.9437055671845087,0.7426720357441354,1.9432948337345124,0.5423963665905376,0.6543882017994633,0.43615102481936674,0.5649285026717052,0.398911454408335,0.40258091164713505,0.6740533397817217,1.3157966471823102,0.41948177218887395,1.7304244292676572,0.44485785972716485,0.5506298106416239,0.9876306353714881,1.9328842023632546,0.5677940436267477,0.4603138036533778,0.41834191288694456,0.7536703732847059,0.5031145408218549,0.4181126511653588
28,5.4924274901408126,2.1160283429538254,8.573894485607866,0.580500322236901,6.760703996111545,3.8354385700520197,0.5285932336681753,0.8495953552122728,1.5884876755307005,4.047750920230214,4.1616078154575575,0.43516660197184365,0.501887760636464,5.371852391365678,0.650728610720364,0.8060834383979909,2.037661595684483,0.7856188600090377,2.4989830572329197,33.54661165868771,4.151116183389547,3.2580296544272187,2.761909359582262,0.5661327246194219,0.6936859343990704,2.2715474656562264,0.6043955612153695,6.042531734335057,2.422019718188153,6.543529682691087,2.3733766931390505,2.050208520167075,0.48709179250045054,0.9924040550889686,0.7372740655353027,0.8238392936784749,2.3862310006781513,0.4853048025138378,0.5242268600199509,2.376559544267309,2.120105622154142,1.7376990480209997,0.39803646032714823,0.560615762402108,1.1715559101226631,0.6540252880038224,0.47337455835003084,1.9655988393384973,2.2435654562042373,3.4015132174334326,1.0652877124024371,1.084720807635847,0.5003667836418231,0.4882806405861402,0.4598437421872177,0.5555711190559691,0.5375017852744577,1.1593740000701018,0.4194878982698924,3.006851735780856,0.4056810975960161,1.9436501971777034,0.43683391606191435,0.4239180270194538,2.4998395834176677,0.8117832337462687,0.4237330103791237,2.026656436789324,1.943335608721327,2.467156606214246,1.9463905271754243,0.45219237940045787,0.4272931906349413,2.1652001478461216,0.4481031758269296,5.150310035893426,0.999409286912396,0.4152246050559256,0.5474598424308397,0.49161390630553115,0.44713536196633186,7.729110079217776,0.4928191485125808,0.4573363764945384,1.9433798390656989,0.4246128350059166,0.5751317308253192,2.0182959425675904,0.4550068387913484,1.2378658217751877,0.5021061385593839,1.94981249882278,1.248876860812402,1.266067222983338,1.9617305139117889,0.6752291636992709,1.9462077424770996,0.4164366528253822,0.978389830931178,1.0043001482210911,0.6424929292519437,2.1313519451246634,0.6663806881197161,2.32515160069147,2.098964095930512,0.6379068716087204,0.48235070484980724,0.5244080327043434,0.9217245025958505,0.9316136409948399,0.47305184246533827,1.1876732038410864,0.401385007661645,0.42338760389242225,0.7241088055172327,2.3137759513944616,1.8104653135725925,1.7307590010973968,0.44474311859323734,1.9552386434643267,8.345368010359095,0.5124135255422289,0.6958871819354613,1.0662171095231088,0.978705562952257,1.9432698512673028,0.5566727974451737,0.5434591616746616,1.0521295394388517,0.4842530939725975,1.945779220042823,0.4601817465276099,2.1008493929346628,0.6603930488410583,1.9431666991608836,1.94873526994013,0.8254089639927429,1.9446755317668476,0.727855624938627,0.42006352085098797,0.5047809503033704,0.514197095503448,0.4296068182346744,0.4786822050836008,0.4040545528536654,0.41681466966133485,0.6446184190644431,1.2640951724378056,0.437479681667412,1.696869245904793,0.45249071513092076,0.524099764482969,1.0058234239888293,2.0782460573644244,0.5173459123379871,0.4851161770703811,0.41291731267523346,0.7596010953003542,0.5317291375486093,1.0897718883737184
29,3.5850840819658742,0.8880950191964985,1.8647614597483653,0.9081401688509345,2.8975129387588936,3.701545450725746,0.7188150784324421,1.0764416984961827,1.0504920942127,2.3374480563375073,3.1567073368877345,0.42646367873203417,10.688388255031555,0.8559236218921455,0.5125591796479512,0.41967818040978955,2.521450152056559,0.399334867036373,2.7856679863731415,0.44808654550939764,2.084927234871884,0.8753857167204728,5.21360571898299,1.9940666937082483,1.1404756569859842,2.0564390233512313,0.8326237138865622,5.763522029064461,1.344328193576132,2.33808630363734,1.974993209421939,4.402989799447994,0.6028630546844056,1.3792298355317598,0.7251983487847724,0.5653011742035687,2.6938936446849766,6.315527493894024,0.5534196581350557,1.4877941217948774,2.065724185638203,1.6925838737365098,0.4259395744412018,0.5313429742888616,1.1416319344384078,1.2535796769631133,0.5085045179543499,1.5844980028238638,1.5803123856888988,0.6784299989099623,0.9430945473474139,0.5988894687388893,0.5403120858486545,0.40261318949399083,0.5662176611792802,0.5252840465019517,0.7118125596014693,0.912239358487227,0.427738609486255,1.9974671971475004,0.4015448731127549,1.6940434254466368,0.6055364101900977,0.43610093014137874,2.8112106627777393,0.7258674098548568,0.5007628011801444,1.3338042573029725,2.0091700515114326,0.4792119515504396,2.0722997771011364,0.4353613857391565,0.3988319106359768,2.0567772064581504,2.4498527575151456,2.6602195755484104,1.364962880532687,1.0280866518958192,1.9257483545594596,1.9942874560819632,0.4642400578597403,0.7867043996615735,0.48233448849185834,0.5136425030171381,1.9453068129610642,0.42297640635740663,2.302025608716974,6.915110088734821,0.47443134216729277,1.7683539867507534,0.40314702304954153,1.9445417130909846,0.41180470922711265,1.0960494848051212,2.2686323110852413,0.7438607750413553,1.9568860801492747,0.5613380992850239,1.0223948972763992,1.3246445165519276,0.5691369097459642,0.8016982288103236,0.574317706136867,2.1003205315910236,1.9431816675037226,0.7333103027596621,0.4838358369414095,1.9443149695204056,0.8054183890424156,1.8695871066776135,0.4388360626913368,0.8301653648871365,0.42210837414222624,10.236891137121972,0.6110579502574183,2.0923637711081824,2.4496570600933865,1.758558196756212,0.39933649339627664,4.766164224399006,2.1865247128190504,0.5451957402366929,0.6836738105253062,0.6254780434912846,0.9751653693662661,2.050309943864022,0.5464718025642696,0.5201292483287148,1.116576207396406,0.4579371296379122,1.9548202036279463,0.510740585321912,2.06077634877596,0.6408183966527758,1.943542722424695,1.9472734813512602,0.8332518117713903,1.9431715064360446,0.7721011829530653,0.4232331734236823,0.5490340695483269,0.5019022323269837,0.44343707570777724,0.43691595494397006,0.39990134597235283,0.4023354759547715,0.7014855648010325,1.3783523800379385,0.41666591055991375,1.7992684723390653,0.44150059172324063,10.960889035651519,3.8164637724275394,2.1401278818964897,0.5247255878525721,19.84934504717944,0.4113037886813231,0.62639091891117,0.5135188222995453,2.155955046866495
