,Local LP0,Local LP1,Local LP2,Local LP3,Local LP4,Local LP5,Local LP6,Local LP7,Local LP8,Local LP9,Local LP10,Local LP11,Local LP12,Local LP13,Local LP14,Local LP15,Local LP16,Local LP17,Local LP18,Local LP19,Local HLP0,Local HLP1,Local HLP2,Local HLP3,Local HLP4,Local HLP5,Local HLP6,Local HLP7,Local HLP8,Local HLP9,Local HLP10,Local HLP11,Local HLP12,Local HLP13,Local HLP14,Local HLP15,Local HLP16,Local HLP17,Local HLP18,Local HLP19,Global LP0,Global LP1,Global LP2,Global LP3,Global LP4,Global LP5,Global LP6,Global LP7,Global LP8,Global LP9,Global LP10,Global LP11,Global LP12,Global LP13,Global LP14,Global LP15,Global LP16,Global LP17,Global LP18,Global LP19,Global HLP0,Global HLP1,Global HLP2,Global HLP3,Global HLP4,Global HLP5,Global HLP6,Global HLP7,Global HLP8,Global HLP9,Global HLP10,Global HLP11,Global HLP12,Global HLP13,Global HLP14,Global HLP15,Global HLP16,Global HLP17,Global HLP18,Global HLP19
0,189.21075848299043,57.13711027922136,75.24255676614865,1.3118493567809537,102.31750358494929,17.104056058712843,58.329792182873575,13.4699728320075,26.076588362949224,109.33660974277177,3.2273160497751974,76.48707502587524,17.825024586021925,39.64712223526675,11.112379854182393,38.7881412721452,0.719252883723243,30.721751957439892,80.33920217482648,24.984539894986938,85.69554143031962,90.84628031442838,100.7624289070394,78.70768107840138,1.6285348734775198,19.43590138090252,25.974937533273987,12.49592470902951,120.42880609858241,15.93977668978664,197.75266098387854,107.17138963879813,19.646102581944604,7.411212154420355,83.73777881127535,59.027160324493025,22.16504833375069,13.002645422459238,40.37019889136718,7.748778881606825,38.15998929886865,5.955300942697647,51.194606408545326,19.896352811839392,163.16652749099973,102.48438012054368,53.54283038137049,45.32636267026885,9.13284475793347,53.453525059967205,27.61526154519015,3.9201240378509965,98.50239399306491,91.07942519688993,2.4913168135621504,68.0818704487582,5.020221560372306,3.782816027940896,125.31477106236508,14.14295949325674,73.35918563166842,46.88641019104517,9.008898889313116,129.73912988381522,95.87770319139781,3.3343748594807607,50.596275938995745,143.07662759095524,79.41270623701189,44.633568994718416,55.88076604498343,58.54427216116699,206.98008431965224,117.8703260441244,8.2859939227896,3.2798447877081003,20.81132063639899,22.003942744846256,130.25112569027095,175.7668256961905
1,3.9139539858488206,103.29331722677205,18.33894440780324,59.92259116765439,88.71638055031815,4.732072748677467,32.236747428427634,69.72310907427692,1.8306864368117317,16.58936818262032,65.91288568055285,74.42027866964611,33.201021911752946,2.5723780511162886,2.3495157543577534,25.36659564276846,196.42685411705773,116.19891312971566,57.4837212939683,97.40523905280429,68.2344895899272,55.1785175220665,4.13825769410613,37.10903173171579,24.80392927901886,34.288749414693655,27.155070440501675,27.2694687968999,9.247274282180797,17.45590856282172,2.135761133399342,22.082765677091686,56.07540459321899,22.916420980292457,14.11088041878071,7.071674480407125,24.339294394509523,21.706216925433523,36.21680212486541,36.494999889855876,9.058496576189214,98.91391291011576,19.495740391020718,151.79662289178347,162.93804730572137,17.118455463456996,3.6120880440782344,66.38210782091528,87.66123904779681,83.99982065677949,13.595533353298492,14.132675259185078,82.85272450195436,71.95310645845001,1.0181994142711233,1.8877914155982012,50.573429314234204,19.32034048961259,20.276591723579656,10.719864029474422,84.59242606940182,70.88539954242879,99.73840524537019,42.58641995911535,29.958067003828432,60.05558224886681,65.94518638280022,51.734744259418335,70.85280715455201,13.92147548694004,5.103352378455156,7.736317576232352,29.604406076181476,19.579527004114652,18.00668626809113,3.2204144101091288,59.16664073972339,74.20639071765072,179.9532857693476,18.113574603789573
2,42.909062504683845,69.91186434337908,46.983443646181456,24.074169592883777,2.6400439061653174,12.764152287260174,25.3773005445438,18.22092820409904,27.45514880222504,192.13542879170978,71.98411485977232,18.776492718729685,22.593368895660944,56.5037453433514,0.7597292797034925,22.46377249155364,59.74645909821896,9.75386283484022,3.4756741985384565,11.76270264896192,64.52405858229992,15.754428861816905,1.4878736944417597,32.11751587743936,3.0009029835045453,8.622988496695655,33.98687717480527,55.67610459731861,22.17773876037188,253.33306873681894,101.24800040875743,70.14353531462552,4.262563769921428,2.6836901292124367,17.197523540453005,28.800728220530118,27.954715002577075,186.46351653703056,11.950045200287661,2.9812652403662128,107.59863033103517,10.884370847567368,63.96605822082273,13.654758634244672,21.12655913376119,22.95735968688865,144.9517247895604,28.380490567798688,22.615523829743097,110.91062288214982,72.84906142242573,3.497140494073392,84.70220016277517,16.649654834172907,118.18239164738594,8.013759944629328,0.4522232892472857,36.84923566949266,39.31789910282225,9.848121027939726,2.3190061800702892,2.7619491794921487,78.23671778308255,137.14126797084384,18.90246523305109,14.63760511511208,52.41686180399705,64.82489742689302,15.814140528546261,24.927896891955868,17.407426351504967,97.68600833237355,12.591263645325455,24.455346028344536,21.80580981435162,96.90233816908,36.326558589096294,38.240593884858924,144.5879154901645,21.333786544326472
3,170.28481963430346,121.22615564585374,6.8918442042922266,61.617577100959636,48.681469194673355,19.888728960025617,57.27640234650681,34.58544182522559,10.255119411801957,100.0053836713837,44.814332292933386,7.830090573709185,191.10899879623364,4.403495775534566,28.7726846369049,35.47825400086538,47.16000651303909,50.13441128597918,7.677953088563868,10.0788999229909,126.81226630181379,134.53937117030858,27.922077567981205,53.79754244873402,171.8599564857433,131.30123021995325,90.81260135523206,177.80964146862678,72.77692284077398,184.75855212651703,18.06714522532434,16.454179374818295,19.250286706950988,17.512749002005705,230.20593309255287,160.09147788788223,6.540456114795859,30.934500260804896,85.97415353971093,120.03285273021567,108.21711616001971,150.4885183718113,17.836518598952125,11.227171589211252,24.136805522978364,23.303455843986,48.42908104863005,27.06334796268243,72.71435571389173,15.373060259043712,47.895446401323966,155.71440318791838,14.24572140688241,19.75250486677504,14.808405273852486,33.75747982008926,13.786792359858737,25.907060823540974,106.23824410016942,27.518928541888613,9.765636853222645,24.92396329805416,9.930431003498597,24.438724409893098,19.275857203212126,15.736581997949884,39.901489580140094,52.323319454974126,2.8991896370990844,36.05842259639121,24.046070103788452,7.825262513106793,41.632948827966175,211.85725555239443,242.33343367661467,32.01882784378569,15.791525067211921,163.58177647932405,19.19053599395727,92.4903806356889
4,1.2620738212140168,25.348248555692237,95.06789977577546,28.0198140664354,94.26747791892035,17.179001728375965,19.719465403868753,112.27119663712841,100.96015496127325,23.576609491114823,132.87225523826737,33.03174916550313,8.581685285933247,58.68371853199801,49.35113719294827,12.027198111407358,4.36701740538615,42.52278113714408,28.55820873357942,105.51510596437168,42.758258091661844,1.3525500451549988,19.025593938675286,15.001825830287146,121.00738645676938,7.675850299066383,23.519276972052978,54.05089656058158,59.33298450444357,123.86618463839255,16.650944567834983,120.55628515759929,5.287741283195032,17.204412552156498,73.85532240731118,19.91404038494028,81.43047311269845,36.74488647488721,27.80575611325918,103.26501910191098,129.6812994816123,26.117315037156175,113.99914661255491,8.399402780990329,117.58444939231873,7.412291456819219,9.650054875829312,119.16838484392213,15.186042509014044,17.587597013370328,54.31796488253269,54.942515696178475,61.16847002667089,24.08236809234512,101.69825316464386,5.836791200716618,3.3533706481593413,6.085433567430641,58.50630402629389,25.19230020731925,1.4944970176819083,16.003533666420935,60.11563618996462,37.51586000633421,15.332233115193674,140.09642065957473,5.4886407369877475,12.47831019586664,81.21576093520918,40.63905185141732,28.665667532668067,6.3711389319097975,58.25574728787973,38.327015704202154,146.6759458658788,172.11648494328747,39.07259090318371,55.97348838245455,72.36983371921622,20.26767977067709
5,15.261234179623159,30.61863952056052,44.76238863347015,79.41596183216376,23.805908339507255,166.54878817866324,176.80859219732366,63.01341213481618,97.71555570538658,131.66669063383597,91.9902892549436,24.839791957815123,112.42373279475066,16.637951246967873,18.638820874501846,40.90401969848176,65.55184530348652,27.397531341691376,28.143160495958796,186.78947516345238,129.4171258239203,97.36454362401145,19.752209877975815,37.8724558168808,5.465218837686166,3.852884039369144,73.43078816444364,70.80960012344008,176.2919196981589,16.988756678810546,193.84762773883955,27.941452658432695,27.86393432920329,21.90459244249314,19.339760375307264,62.779208462972974,2.7556648747669783,48.03601462999933,54.347061144334475,22.077281930249796,11.20992883944109,15.298590760040213,32.750667405897275,31.722756522397844,5.813723974162144,34.10806596314194,8.766687486082049,7.357113975141658,1.073479334692081,93.29499622816519,169.57105544934694,16.30029813515671,95.0527906297732,6.113524208197816,76.86803094288848,33.00379924665964,19.685128236235755,54.47572964044974,183.10290540454724,16.584462439810977,19.101884606331396,9.889874099307178,101.82925286348836,56.09481743184489,76.99586195281603,5.9128839849245765,184.0545411368027,66.56484838829266,15.339409079724874,14.309150688132547,57.61114083618975,16.672012501125096,15.733585452887041,53.059261739150486,122.78793600950763,30.192168683239174,24.051549977088428,55.05997853690707,155.1986882852969,17.83688722491388
6,137.26573974082095,45.65331122296942,41.571364437100726,36.60331842635992,22.432819855866057,136.75421737423437,57.64387754716779,124.67390482304666,163.97838161687105,39.98044367322382,77.91748004714958,37.89209651894521,2.225265206333347,23.911338369032137,89.3284777681539,109.0449420679642,13.514951114465248,19.582376193096025,176.01422816803415,60.97013633871114,0.5521356229288585,49.43054103144186,104.2788783960749,22.067339968828378,1.9219475733701756,6.281788371330435,24.490510508354987,3.4851446589412376,141.36261751226584,62.55838054198489,59.00761218434536,16.24737171678703,183.53087893808245,175.73545082773455,35.485012963857116,100.34481213077208,1.817331722922006,87.50197933350614,91.40699317505761,21.725996834931948,16.47909351446731,99.55467026812744,133.32131019374333,8.121044754399577,52.85762398192588,33.53841778011639,69.02334325557217,151.01579291860804,41.91192757346488,1.5764015685393247,129.43720259353546,7.618699290062125,27.70782237757078,18.19681739153293,8.946654665098322,59.76873701647173,0.7283769067857975,60.065967467735845,48.18057564030312,52.412411120413765,55.53029360408033,8.284991489519768,4.799669424799504,14.702031839967503,27.411796476227266,78.4159276311081,32.49349064909927,15.904842993208263,15.74902514609056,41.43799403944968,44.246521816969675,98.2668767183709,17.102504397174528,7.995387380972943,154.30582047796509,201.75105150331163,30.073422461496136,16.41858190160906,74.3075761167994,10.274350102856431
7,124.60824026182433,78.12870965203479,131.8109670958047,1.0559508654847605,43.96418450809489,103.46721094084336,28.52955824746948,175.40945814871742,28.20504642182044,69.84344115298927,28.904421256275953,0.9484475089032003,4.0660944204325915,24.088734904706882,14.746501401780336,41.3945979843204,18.44564465624336,14.874072248901427,16.260408647439306,5.718503539592689,25.190289811835328,19.645291446173303,50.073452766843616,97.32432986422498,12.086129564962107,19.358921649800436,168.4940819612891,18.457538951088054,72.11704551797914,86.59374218377417,20.60056742779875,56.393994244846056,25.63159732345173,1.7159417231891325,40.426622732881754,151.55941652840318,8.1108062327271,170.1826933258825,8.3983064524096,37.5950436943956,141.1524246093686,183.31406203084683,2.5944600351670033,15.598459929910746,7.807014256490618,6.603960088810084,25.844099395087824,178.57001098920273,2.145210631247892,15.25582938568067,96.93814491468311,30.940448028307628,115.41434099372782,29.98881989288043,4.878735484507047,85.26551840784441,47.264624188106836,112.83234406491601,6.085729738497605,64.70532920617575,74.79838028309666,123.71421458766349,27.40179618204587,53.13853584878814,27.34070230641123,4.010075795254409,237.45901143033052,18.612724207572796,179.3439533110745,48.08041877472721,4.874735401107273,11.843192941753614,46.44107859466601,61.10298733951856,73.09315588739025,26.13816725180874,17.013958166807072,181.85209900564402,66.0808288790596,123.79703572760735
8,4.769239250046894,194.6914058335095,173.41341926036588,20.07844643252048,131.2352032043396,8.64824078405195,19.468884121002873,112.19594212723155,10.950890535484234,5.508688564615511,23.668396514443998,144.00400565409274,19.690487834680766,61.027284149856484,58.4869379458429,131.6215394220725,42.430085233234934,16.245448276257605,51.91971125265502,28.513007716762957,18.62483498482709,4.410518726004284,21.271877653675176,2.688608622503523,29.309891742819275,146.89610738714185,82.14453390412922,6.4274819834452614,19.698477644152888,45.007879881267854,8.47800366169821,15.91841255594295,216.42944563082142,14.336568514923101,65.37400238970372,62.670185652967405,6.272508034500106,14.23606909050369,28.115882235253196,14.028573977116025,22.169868926127833,20.078187186541527,20.08200954396483,70.45045065687071,10.471651033559624,6.075052323535658,106.28823840863618,17.985058860837228,39.392143423517496,71.05293700167607,30.36235764332264,107.36395517566467,26.907923110658317,33.865784588934446,10.929162623527588,36.95637686564896,8.22520176037574,45.92600599328853,86.89488350065704,71.6985660191969,39.804737826345104,90.22162620717472,77.55813801951956,3.805808638482006,35.53748592085253,27.580890805452498,19.713822925743898,26.852291416457547,101.53215874690977,2.0707989695697506,126.45086086042892,53.583289816429954,85.98902631551596,37.905794077812516,159.44807413659095,57.917230996700994,26.206823376617876,26.973297054607485,210.36964280570146,11.165533472466166
9,12.833704124330609,22.525849204283077,35.587788390701064,10.613293437154425,12.396349569869187,76.83199583239093,77.33902745408255,130.84490387172104,27.98037952936977,118.51125254148064,1.1597629128028188,2.3437493254713218,123.28449476498264,49.94716621676548,15.575920091411604,18.64986046482204,38.24550534028401,97.7570846398446,1.8687836530912136,44.022226757564795,26.93875094866985,124.13809240266784,15.94908650958871,47.90583056595898,87.23274193158386,118.923232137453,29.963185922268792,47.088345348596135,83.39102151041811,177.20458959783113,66.23849079106895,16.964889975889378,3.96343337494028,145.05269171876597,134.08941349318582,100.00409744247145,57.734660000600115,13.653327297085696,65.88248531850422,75.05413287827827,62.862049295198574,108.67372022731558,10.618025956848612,44.018988060615925,157.61192918440997,80.54115579876884,104.36796735662756,196.7336146955312,35.7301626687817,59.128051134593875,15.550525801421315,10.116571557607926,20.08853706326113,94.9250771883676,46.65862398952589,26.33831679947434,16.585234126413354,68.89649587811437,60.168377141237556,39.406447962095285,60.312111046311884,10.674155177713374,26.82640425530718,20.814703117633144,25.117826309639554,19.893333119957845,12.112140388677176,21.071644944469654,99.36251647704876,18.07010217965268,9.399362408016259,93.20908064700637,28.797269322878606,70.37476070944587,65.06971816400824,51.29733605479487,25.044508099174266,173.37537707935002,128.31638687931036,85.77569564864723
10,15.925642040024854,13.75502510043907,20.01556430698048,91.05329646689137,7.7168882855061725,24.267902707498138,10.960889035651519,19.41942734335538,2.240528528989387,32.33022587252469,14.470707806985047,69.72222533205803,17.579082487625442,9.687538532253313,17.508299515778162,21.012162667366567,308.12909601160663,91.43300218322014,17.58491390104814,7.037906884327128,5.9632912395081235,17.508299515778162,7.204204848512347,17.508299515778162,10.960889035651519,308.12909601160663,3.5661322231130725,126.62073149275227,15.472643915440699,17.508299515778162,10.05974813671179,31.78229363065202,17.508299515778162,0.6171439274781392,17.508299515778162,10.960889035651519,20.664369442855786,10.960889035651519,17.508299515778162,10.960889035651519,36.299348683971175,18.809739225205817,17.508299515778162,17.508299515778162,10.960889035651519,1.962692315227116,2.5340300114445995,7.378762481173567,0.8595131071631954,5.595385924278844,10.960889035651519,2.685215462721601,17.508299515778162,17.061551841458538,7.955887017939858,145.8721908793956,10.960889035651519,17.508299515778162,17.508299515778162,3.0086705130521523,34.52182812000581,10.960889035651519,17.508299515778162,17.508299515778162,308.12909601160663,10.960889035651519,14.11159082209548,70.76318996321407,9.865574644883395,10.960889035651519,30.093919724121122,7.891694183487459,11.814935004813606,145.8721908793956,3.354282890869513,69.18442439728204,10.960889035651519,101.68140462863903,24.031221779608927,63.76514309721779
11,15.315931757659598,5.3902476429810235,26.338815430665818,6.379873261478622,7.49938207548314,11.319099497163108,17.58919596560844,10.960889035651519,6.466746073746435,8.64105732271156,10.960889035651519,50.32927046267031,24.122276484985946,2.5731578616081947,23.18894337193143,17.508299515778162,6.925430256028392,23.29785194973033,10.960889035651519,36.33454950494968,5.9639060522841305,10.960889035651519,23.871328924165994,46.240153367770745,53.54433503777517,10.960889035651519,10.960889035651519,6.448144126225145,6.179126003270369,3.2698143818039966,13.162659142040411,10.793947716730543,11.554745382903604,17.508299515778162,16.96548635754766,25.128125956797533,6.651437340293853,77.7720937903735,111.60370047561241,28.380947766323573,10.960889035651519,10.184489954413607,32.56734323563779,10.960889035651519,21.348533257324902,89.7930675667522,308.12909601160663,3.671869099433138,1.2330178340276916,59.11035907859548,17.508299515778162,79.02286285604976,13.91112485598046,98.29771978892222,19.351227769265677,7.653447741219509,2.0155501688443564,10.960889035651519,10.960889035651519,1.3658560413460918,72.20795003904891,17.508299515778162,10.960889035651519,38.82122950790415,135.5309489061612,10.939680435428272,4.205778577938759,17.87493890123966,5.020408157943962,308.1290960116068,12.563921571409196,91.60650358425096,4.716175016437205,10.960889035651519,19.78409286621718,308.12909601160663,37.08919085424361,10.960889035651519,15.608349232024125,10.960889035651519
12,16.593408749664377,2.5778425235543523,10.960889035651519,32.24018611100411,3.0898472206830547,1.945083651206005,7.32295772441006,19.14488581574608,18.371121262091663,6.5456775589432254,8.570178942535449,17.508299515778162,12.702200683962076,68.69824962643258,5.349668059152009,8.19428591762636,4.556717372878097,8.947218235297498,1.950786447091616,7.079844309043267,17.508299515778162,56.75436511668909,73.64729174148391,27.07077993081151,71.67358641664856,2.461602324417413,10.790200485280025,2.046664007058837,49.0890119337875,36.043813291535685,7.1438237652884595,3.275013134145013,10.115647748270703,51.1038061632737,9.728817521609642,33.81327202785786,2.4014361560122097,1.944871292320613,12.784562662740768,3.789994397546934,72.43397565860772,308.12909601160663,2.1202295495849626,64.65634775336326,10.221486524899888,2.1636049529825527,10.960889035651519,2.284320356746832,10.960889035651519,17.508299515778162,17.268208499654918,4.116511048936502,15.754273124503413,308.12909601160663,7.25851197379086,5.713132657011613,7.402991873128087,2.2792328308378274,64.46374150570705,3.551856362698743,10.960889035651519,2.8824011597453136,1.9592449109037489,18.07003872339368,66.58763008252652,6.070173850216804,10.960889035651519,9.407985863506383,1.9607018419142719,33.47941222037184,10.960889035651519,308.12909601160663,7.712576066963436,17.508299515778162,6.82962454649487,2.0380547143117838,83.0719918988762,65.36122054659222,17.508299515778162,37.94911813487545
13,3.811291616326514,5.364714148688563,20.864459238665688,10.960889035651519,9.377903643728814,10.960889035651519,5.939827647841753,13.385005860609624,4.1008874408443035,9.912602925297222,21.351839346422707,8.844772777177525,10.960889035651519,31.86785461522078,2.714401818574345,18.72090104850986,13.161648636395626,1.7962967877902543,5.429991625963908,18.11345774455424,1.7061472281053511,14.725428264659968,17.508299515778162,10.960889035651519,19.45497864687576,73.26715051444546,4.0759865528233945,17.508299515778162,10.960889035651519,1.4062898863209057,19.57852528082742,308.12909601160663,17.16039417794451,10.960889035651519,8.296342008088232,2.7156804669772896,3.748183992422014,46.44228973987026,12.367414224138088,48.36025712777575,308.12909601160663,89.81131708143289,3.793132251436475,1.951907508385375,14.189012357644344,10.960889035651519,2.4724803003244915,10.960889035651519,2.0035326323523464,10.960889035651519,0.6492828575314888,0.9184445646117183,0.7913684273931949,10.960889035651519,10.960889035651519,10.960889035651519,70.08726359953943,1.0066895638649385,18.174667015938155,1.0052626998530059,1.956688161429156,5.374741444392157,4.989501351767672,3.4995639140292383,25.659012142246922,2.2084932637559405,19.61179393282862,12.786807939145547,16.183091397346516,19.29737560927458,14.846472622823626,6.419609834196308,17.508299515778162,2.6883996339092278,2.7017723436684378,10.960889035651519,2.255983018705024,5.861837377908159,10.960889035651519,308.12909601160663
14,12.526454346246965,18.98296844165418,0.5070777360219267,113.33389218307127,2.3168047529410387,3.724126624630344,28.518860134426916,18.015416904098117,17.508299515778162,17.166777531324954,1.9697717840440419,0.5164644544965427,18.88645149747589,16.35137313546477,1.3657715500624477,10.092351258410076,4.453588419657422,10.960889035651519,0.892160861040054,276.7115331043075,5.295110292785864,10.070725306582688,11.396617506806592,18.39319342698974,8.509156871329424,2.6440143464129733,2.130162523276738,45.37802609018331,34.6533111088803,10.960889035651519,4.308830521599589,2.639858033044561,3.3260220030601317,0.481867286217323,10.960889035651519,2.034716915747026,0.9981972267858055,23.22567095275224,16.821901619028495,3.6754048865994378,19.762551867824527,2.1030334253026126,10.960889035651519,31.90864234112206,4.947928169973977,1.9619515662398612,5.188303169584913,0.6690038557945854,3.0127655583114006,0.5483913448657063,6.877459059300463,50.14499957596462,1.5985689447583127,3.061739145489014,15.784114855514474,20.372974999958842,145.8721908793956,44.3973205607619,11.077752064627134,1.597433089707124,2.6914427968102927,5.269434473635613,29.339943620682163,20.518804383225927,10.960889035651519,5.936195352012646,2.3313581209105223,14.532051603713796,10.960889035651519,63.970112345447774,4.865768023472583,10.960889035651519,15.864027267439099,5.538753388801297,10.960889035651519,20.77481700594859,10.951104734389446,28.681583861556703,5.007430037898473,12.29427564542209
15,27.409596559927195,10.960889035651519,5.780362240401075,40.73728228859221,2.0645260543589643,3.4612645573484997,18.009033668550217,14.12519442182304,5.796637199949373,2.8061784637523033,105.59695486128248,8.599859946448078,16.89130035312246,270.98762625285605,10.960889035651519,9.902192483210058,21.08226616393182,42.862159974365625,33.113689846214925,12.838847003347098,15.655754517564446,40.32172443780621,2.0998055377094715,73.60471716489366,2.4544821528218677,1.9527234800562496,17.49460740586909,5.932481088921691,0.7039125450001507,18.12997227350479,5.786196483181811,13.556234265464468,3.2639808084772994,0.714759109370732,48.51519713191266,1.9632530291938224,1.857512714762663,2.3075713538204923,10.960889035651519,3.587184820792231,9.068221850335306,11.226822192528005,2.980659828318778,0.7048716369457111,9.494096880113148,2.1996252568641808,1.9589374684970267,1.3909430299327141,1.3618818569421478,17.778464184526797,6.6820063776791585,17.508299515778162,308.12909601160663,2.089709715529409,3.3417749057196033,21.59921728288009,0.754077943601942,16.720487365354813,11.000786222354122,1.0792775419200211,128.42301163590867,8.47381849466501,2.8543832794045443,10.960889035651519,2.5271536065214377,1.8730744339480907,19.82905098705936,7.38106947088778,0.8967856110953676,8.37577742891881,11.990248562122929,6.419584602177906,2.18289027489692,23.917615430383023,17.508299515778162,10.147734391891504,20.53522384829523,38.51593412321358,5.342446566139245,49.73157955666437
16,4.211717884923303,3.456920482026817,44.15082156647088,3.823780160382455,5.054871776696245,2.018893835124743,6.2387172929439885,3.9565176421116917,3.5910514207350843,10.960889035651519,0.7636890068072262,0.6211989374478435,0.5666180869903314,1.670188483116192,7.332324767337184,4.15082663305617,3.6183570233528712,1.6400827313885316,19.523823326878414,6.1286701169790945,10.960889035651519,5.111097482912555,20.29660757914968,2.2282868623899503,308.12909601160663,4.096762632725813,3.4553011262729,11.443756537959302,0.7843097569987663,0.5782763462859748,6.072872391881106,8.971600506712207,4.89212646566375,0.6201629108529119,21.51510659974997,2.1306118189637573,1.4048284676939602,10.54429458934652,0.7277213038902914,3.6030297130531608,107.9278584106575,19.890432028460566,8.280929763889674,7.124339983095467,18.910707395916916,1.9453594277129582,4.409644409282237,0.7657613337085536,1.0291399709046232,20.712989008999557,1.945550695801387,26.430720324885897,0.8624309055583126,1.2033323871676203,3.2837133195903334,8.083993248097556,0.4868987638700446,145.8721908793956,1.435679406580391,10.960889035651519,13.713240136088075,2.3619968472717687,1.975084711745012,73.46106437927426,5.074374386152385,7.195779283383445,2.9782374943215473,10.960889035651519,2.212357184786299,15.930334910820704,17.508299515778162,2.1312334160845694,2.7030699908483484,19.77323223946604,1.9438156175411905,17.508299515778162,4.929410134949421,81.57206308710585,1.9633558108629359,8.982790118733874
17,1.4145702185699065,21.250000409429617,2.7090100470385323,0.9416513249645391,10.960889035651519,64.33570894791399,6.671831834653744,1.0401125284340083,2.909873221969974,21.531723265208484,0.930305342570648,1.6284685289743948,1.034631655546434,0.9765656171609862,1.3643126969284936,3.6257669302650015,7.0890330956654,6.529152113824637,1.7571303911956306,9.851403241436287,3.9339454177604694,3.6294188482347636,1.5397941812714748,6.839084644958177,1.928955213353106,7.056144396243667,2.178694345480551,1.9433636653934627,4.5667743538231775,52.08151932912074,1.7319165479207186,3.1393967658660813,4.3029404529400495,3.204786852159941,2.3479764671946555,2.018839108784732,9.218985702495559,21.570171753630405,13.463354536866518,2.1761808535213163,12.393557433686738,2.9929304944348587,2.3743340190464437,0.8327004751957361,20.739297701326677,1.977557664586186,1.9780380254416627,0.8726309205598568,0.5406189114272024,9.095472569490653,4.033953380818787,1.2467627252902957,18.010619990406667,33.96131099174761,0.6504391459699264,2.473191084593225,1.740648182950224,1.1121874231769198,18.87296983088146,0.865540180799826,1.8770196535194827,2.021069878685296,1.9581051323307292,1.0827275415294935,3.9099339485928795,1.8764581670274083,14.93384378418574,2.9332104429012134,0.487835541301763,2.081957695079552,14.04527870911869,3.4177329441887423,1.8622991361168033,19.871141458255693,4.125372302479207,14.085756377686607,17.508299515778162,13.052690020340947,8.87284937611679,17.508299515778162
18,1.8703607308558503,2.852235695841557,27.488785832018152,7.936938406688,2.647335788845851,1.986708251597065,5.858747380086129,2.175410762237334,3.361602931902212,5.205087983115561,71.53483331087466,1.6084824831595483,49.11357617867213,0.7106185419337976,1.3573691476707381,9.689075279928034,41.762076496314535,3.740596044255483,1.0320894109287337,18.985622042555974,8.591006152125317,22.59885333810888,5.044915887238346,2.373783695945235,2.0722788578493123,2.000372703474511,3.122830655886446,1.9567763409311851,4.6565167007408945,0.5840690569900175,0.9194094925267109,1.9435388478103164,1.8973038194674245,0.5370500835311987,9.122087498441488,1.9519738252636785,0.9244705113002283,14.80076280274369,11.3862980890799,63.41513744574519,1.813392871468011,1.9434669612131188,1.38387836378962,1.8366894803193645,9.73230411374584,1.981388581255601,0.7353092774070547,0.6617914982908246,0.6293934816762317,0.4733357564248877,0.5578120058435161,0.5918110946977322,10.960889035651519,0.625271001220483,22.31874476800533,5.863606661168944,0.48461683308829606,0.7754455764630848,4.8779838051385696,0.7563325252672257,0.5960046451116341,2.4824901573702505,1.991473585048766,0.9493637409868256,3.1577248019857507,1.631012781733716,1.9572919217795857,11.25128971791571,0.5136530327868627,23.856325352151202,1.1791945563463742,1.0300570889295955,1.835487139650354,9.961646520015279,22.8420243288802,2.2282569104748973,2.110546468273469,17.055500085433437,1.978696576660468,8.997228913488925
19,0.9574369344278466,5.006504139057711,0.9504984621976291,1.7503221836366265,3.4234057509173113,1.7946795827990627,51.15051405210568,1.059236069309236,2.186378313436194,2.2006303592243626,20.050395732864388,0.4425213172197573,30.287594487870194,8.039410483379982,0.40063434742381787,3.5560277649368004,4.6364229314888235,5.993840176998674,6.975817440938613,1.0603402335221972,0.6860716939202121,2.0738628026812194,2.8946042147816797,1.965453727971635,16.725965093630805,1.9435406875490457,2.765467677581057,1.9831460613833087,0.8445774534928887,0.646429631837691,1.149458206912641,3.5938975165171314,1.9996353435319065,0.4924120471627589,1.943151633720845,1.9992531819787587,0.7504571086626015,1.9710589330863968,0.660548857644244,2.3640106681271504,4.783497527349198,2.377929723777015,2.0109707553127123,8.54746109884843,0.6803473333624197,35.314574519664916,0.5664196333644895,0.8059291986125459,0.6522689031656341,2.4092549225778157,0.5316356412577647,1.4737867641688354,1.0683589574738335,17.508299515778162,1.3298094188010054,1.2885307569935662,2.471293960542596,0.9500954104595962,3.0513541932433554,0.9810983165364746,0.6276375587347047,1.9677895491425943,7.487996983349774,0.885208111087195,2.011941757203772,1.7499823231923415,1.952232280294993,1.8686696861594783,2.1435957389696227,3.7709942045669322,6.786906348324123,1.0970970411664211,1.9014054900917472,1.4793385785035298,20.968894883719372,3.2853020120992937,2.2219913712326047,10.789794461284941,1.9900213952441845,8.87721492157857
20,1.6802517005605182,2.669481925227842,1.5902371446856591,0.7429429264140595,1.9950224294339023,2.6543882648748536,6.2460399143782865,2.6806868266652373,3.2726740337774345,2.7763631609668664,1.5165476379825122,0.652853504243808,1.1377184757047871,1.2643431678931734,0.4996970676966157,3.2247734188956656,7.288287592562483,16.36126385872302,1.8401484572696063,18.12970578806187,0.4087564938661785,11.485517552462,3.037588372430207,1.865669858013348,0.9879146935365384,29.801853271466484,3.340993878645804,3.3477807941730475,0.721175540891295,0.6189999029517708,0.8112136666742913,1.9431738523630884,1.3291038316901904,0.5099513587634874,12.14741057928154,28.856114844419608,0.9290150968101898,2.0333164756951874,2.099542063890567,2.032546676705749,18.764781722049236,4.498757415699117,17.80512226760328,0.820014168212083,2.1998072420981885,1.952047727183185,2.181030413201597,0.6569608075307087,0.45355567630434734,0.9796859187968039,0.6411922300871424,3.529303659060986,19.622406426712814,0.5376279154878034,14.105770573923849,5.112370718078353,0.601768682890679,8.155937018439488,19.598676268664462,0.8875634565771975,0.6086925349791841,8.713074236521663,1.9586805190600103,2.232666379105126,1.9757279495569264,1.608157237567923,19.14491994202581,2.8694600894866085,0.49882641363137736,14.502873176823641,1.4771977695152145,2.6671676007925385,1.8966679422626385,0.7128934689995958,1.9691677541209174,2.3906592031052014,2.075473587427666,18.167480117870127,3.6170765026285494,8.980318103750392
21,1.4014942171876896,19.886151242402264,0.6572607074893995,0.9882460038747354,0.9792345660758883,1.992454560979695,6.936519321628168,0.5220120980176262,15.635559145043146,16.5352928552731,25.99657870088589,0.9289634215240881,2.0606625290540705,0.7338034716278798,0.7493799039698388,3.882863074811439,4.497413331672533,7.950574137653405,2.0809790625337996,8.209136913933207,0.48266428286035534,2.2195295944850955,0.5921865384299849,18.91842130923402,1.0968849035903077,2.5133242318332236,2.5845818488647865,5.481509883964748,20.272211576263032,0.6411705546195776,0.7279765279297408,2.264111755121121,1.120958068198206,0.48410039533365534,5.606673264766755,17.508299515778162,1.124725906721892,1.9436075631091967,0.9082073297957436,15.993765465975514,1.3369488550713413,1.9471218215529689,1.986272285426253,0.7699300255904404,2.0726378750782715,1.9549589840824524,1.9451214620119686,0.7671215535310694,0.7007062930892403,0.5871928891691027,62.294860360224504,0.41819803884857265,3.375437199731323,1.9288859375924972,0.48928406731960195,1.1093030859382225,0.4871846165539182,2.3594410300386244,1.3626768211459535,0.9133121490739882,0.6278234346214617,1.9457742741075208,21.373255914951812,0.5747876300370649,1.9443030994322044,1.687126708910455,5.1076115507445365,1.9932480697518145,0.4935721358955334,1.1524422542525485,1.1713810606148627,4.238932245903186,1.9950668386819075,0.8356630263448324,1.9594567126664515,11.353867007602503,2.322301017053576,19.65585865344957,8.736617114943954,9.454791005273364
22,1.2575875846584381,1.6713810239025975,0.6573919347119954,4.269123651851032,1.7457527536851671,2.260849841579443,3.9753802089178976,3.0048604864878143,2.517073084711569,4.8613489336619295,0.8423242888674167,0.8333593949184888,1.6442052454710279,0.8930042199571062,0.4680825165077067,9.41032390292105,2.1245115866545916,1.7770254370751104,2.920036381608554,3.5563433751261186,0.5952818140601153,0.6900090404795947,0.7589829365832088,1.6436059297484462,18.092388481951332,2.138390505168161,2.338778968921474,1.9498698017633274,0.735284529643593,0.621750489145029,0.5825074289031136,2.034295402723842,1.0194085060233533,0.5034735447241019,1.9935417524532681,3.1761769487629863,0.7700602363670441,1.5909858544280837,1.9521744014667775,2.191737575618845,1.1667637516859486,1.9607709164735638,0.7621787695113085,0.8395705771699227,0.5239949237084147,1.9433474655911027,0.4944612120707461,0.6850083841579249,0.40102392580030255,0.4698216070267449,0.4913588883013631,0.4852122636278864,2.940489247559583,0.5422898042462521,3.446232929641326,1.5507517927367758,0.4545157029493794,0.7192319704354304,0.9569385693304753,0.743031958282188,0.625156773554238,0.7565690019678186,41.067775559651295,3.1424653491264394,1.9433399860492955,1.5605752272739437,1.949799192201624,2.077300710316365,0.5240805223293137,6.048314341492926,0.9688559961162468,0.8638182923683075,1.8861979155848871,1.7856456006035728,1.952220072711043,1.9500609560614066,2.017159444537242,1.7849328030944775,1.9716381754604981,8.921320100817923
23,10.728887128758629,1.4081558779473085,0.4872118104341894,1.390859988649936,8.423933461510842,2.494308476059075,6.220319631814334,1.0352764920115192,3.209734292223743,1.9734413814641698,0.6386091204798277,0.483912335224602,2.039734112685835,0.6366229026346559,20.51175768158231,3.3094243521481985,2.378485508773622,1.768088807435504,1.5693112115972099,3.096509814927117,0.5872467521500653,0.7869160449112087,0.5953536925057961,6.048420243582314,0.9647092641200743,6.533753097756289,2.924057577284259,1.9761099489020921,0.7852601535922759,0.6384263734998967,0.6805783298948995,2.1836882869530996,0.605922462703802,1.9555722346283346,14.564353844324103,4.8925230664791,0.8222373698520755,2.0668774819861824,0.6040886719593459,1.9446178975866815,0.5854489605607114,10.960889035651519,1.0688215899491524,0.7683114271430327,0.7398193412660135,1.9476995385030023,0.5881617935785357,0.7279706381000324,0.4646638836135253,4.109189421237318,0.5505270078386388,0.42454890539721646,14.725157699873478,0.5216238537059326,8.03181044298907,12.29342440854748,0.5364325227349127,0.8364383722999378,1.0880427192925595,62.31833799179935,18.25566265066317,2.16758690494936,18.211864504296614,0.5468595728037258,1.9455684029687745,3.3472019392253856,1.9564698222841344,1.8473010264419827,0.4952285046472298,1.1375415190679519,0.9257331388351417,0.4929709981946644,1.8851542283283038,0.7580786330212845,1.947372121955425,12.347763196601079,2.042961087182448,1.2838482066395045,1.9463750841738943,22.23130754482395
24,1.422483251822257,1.5076109816480994,1.5961533897411186,0.8001775844592771,0.5164651625187275,2.245993733462683,4.91139515877245,19.541453185494674,2.751753323090327,2.564315568748384,1.2686353179975072,8.352244648453507,0.5502634075671153,0.7741356208018715,0.44645736640751466,3.6268229241827044,2.9299607922417295,1.7784555550635446,0.846813196265316,5.415748287698136,0.5562577953341474,0.40263794790701013,3.950912686762763,0.8561636451333925,2.096674232014834,1.5090270904209433,17.508299515778162,3.716195639457055,0.7056577668308819,0.6919474686828266,20.512281684841014,18.052201211375234,0.5150574183174399,0.5378334110773721,0.6242738280768663,3.9031589177751584,5.159801921113399,1.9878123168418824,0.6528148083552878,1.9990565615337914,2.177182888778816,4.817639303476426,0.6218851975790471,1.2998588558702409,0.543143370657333,1.9837606440134437,0.5034351217060475,0.7520875661580817,0.4308075911635001,0.5073146947337932,0.49928379078573926,0.41671329816807656,0.6508042589442198,0.5116430510013288,0.4600771331797091,0.8842770638039497,0.4848094331295556,1.5887145582028666,1.3455286428734325,0.8164893500359653,0.6222879021210588,1.0391404360393608,13.686497216202667,0.5362292959369483,3.870120496857453,1.5083088196829522,17.508299515778162,1.943110429538649,0.5019946415889649,1.1594650300995681,0.87078861512299,0.4965126488243641,2.0439867521771475,0.5599473379719484,1.9493476771115184,1.943211255913866,2.164121394038318,1.056063440915409,3.6750516646505957,2.013311695362745
25,1.1325606597135334,1.958490294782905,2.0697475873867006,0.46358157059347604,2.097545370081434,2.3371043943968743,6.7050895377229836,0.7238563578358139,2.9280927554746086,3.4524504687941544,0.6274564888909708,0.40706580066665765,1.824167211876727,2.1605130371790437,0.4284826957048722,10.960889035651519,6.41757106001387,1.7257852282681938,1.560004194928183,2.8343707841561923,1.195580174111626,0.9974764420637143,10.960889035651519,2.425799782258366,1.0112058405721882,1.9431694975538676,2.0535847915873546,1.9511982777499952,0.7430069434891493,0.6259505539787256,0.5441672746250106,1.9431508141895506,0.7638033346799489,0.6141733565876848,0.40674394611050957,1.089377230054879,0.8937232163187332,1.9742964477144938,0.7424591884988558,1.960688009858643,0.63096468803775,1.9431855901331119,0.7729608195483024,0.9928970385369666,0.50078066152264,1.9511443686290022,0.47735675975150116,0.7229545542238611,0.6775042569396987,0.43610991962890466,21.485541932880437,0.43179922317506225,0.6336715754736701,0.6016658878850762,0.4291609922835278,0.6414842079909704,0.4237931431323432,0.6286293949121955,1.0869074385747126,0.9251129803629965,0.6215599641329845,1.952574165586043,1.8159846785540026,0.5575438683280822,3.410076857472461,1.4886821330239286,1.9535193412564809,1.7652731103624433,0.5037713527501069,1.1956526164194088,1.1011849209298248,0.4561897604991145,1.9727962516224693,0.5530454931447935,1.9438152571016758,1.9447949461808207,1.992217651244573,19.75789645339711,1.9664036629905013,8.900977407227913
26,1.1183207394385022,1.4760623300830389,0.5568778577215312,0.6446447848337584,0.5132895720710735,0.9194785944731052,5.896675762492805,0.5271224996801607,3.397420437428366,1.9454066265719803,0.6313811713635573,0.6231099712407513,1.609641701402495,0.8730545822813838,0.5129599520927286,3.6886192634876807,1.265516688504988,1.8196631416405467,0.9043920352804662,1.6992087579558302,0.4723407628756604,0.5154055727123819,0.6710888164045059,1.8051833898982181,0.846263754846575,1.002329984866435,3.304999304911462,2.0335474662564366,0.6511204513305415,0.6340518504926536,0.6970676312127466,1.9695992147004517,0.525418715542969,0.4953757548317981,1.20162364681579,1.9807686714332817,0.8347864318935763,2.044692021306787,0.7131841505039915,2.3559539258909012,0.8023646180500918,1.9832335068604152,0.8734872235074818,1.9584992707607398,0.834449593207296,1.9674351181761836,2.0323107260722395,0.7379093374311196,0.40507197926973504,0.4928762138110869,0.5468350558509769,0.5283578052906819,1.4122689338827286,0.46488501730169673,0.4377218316849394,1.206194820056112,0.45768176098323465,0.53691729808952,1.161409702999208,0.8663956595871127,0.6058615014406996,0.5389418656579892,2.065931207487779,0.5365836832376658,1.943376418916273,1.0232311834060965,1.949817318907833,1.8611064191526339,2.2922545695931262,1.2064328663052493,0.8065767432661914,0.49372415843561157,1.8809310379226076,0.4984445447530561,1.9450779940935945,1.9460429056874773,1.9492607658241354,15.37155305564562,1.9505223184692113,8.553159577673682
27,1.3748251271076697,1.1649935638314446,0.40301499376499805,0.5227035480220934,0.9066178336210555,1.5696475414200677,2.4662383711049074,1.2767668917311426,0.5696902065404288,2.5389644361492856,0.5380784909447129,0.4023876209134869,4.88226965582021,0.8650988732651399,67.22692124954517,3.040865094983019,2.006376554511405,2.373632056216536,0.7321984729510405,2.148714785339564,0.6865616609720746,0.40157918259274084,0.522004445221171,1.0934673341270695,0.852521169746467,2.0101111178127553,2.3311119095733375,1.9738902460618988,0.6930008402957242,0.6478003947955244,0.5955394082281487,1.9603654252248361,0.5911015517756937,0.46017541991813005,0.43284974920868535,0.8740409553987547,0.6928756623400432,1.8709447626953306,0.6323261409517045,2.008085550983594,0.7256510574680988,1.947229576819609,0.7145822311893539,0.7492757602640836,0.7154827622464381,1.9471539310802655,0.477799079166914,0.7200662299760552,0.4289271526088214,0.4274612072853756,0.4891918610874768,10.960889035651519,20.759902403167473,0.5070893646156946,0.418271287186883,0.5148190123515519,0.45464350310101054,0.7779457236589451,1.2825120551660802,0.8489163673252165,0.6007603387751601,0.7372120673175573,2.0215310158837383,0.829015085917888,1.9435932302535548,1.6396907171645694,1.9513973715276052,1.8880480046418597,0.49948327002999804,1.1375374153128632,0.7757340037143194,0.45229152310071186,1.8448072310006864,71.07536742453613,1.9431653476092947,1.9481262014398908,1.9743087806543826,0.9246599320028963,1.9431858970118583,1.9280054481228603
28,1.2818248608506906,1.4266137069849378,3.062098895136444,0.5696343417451999,1.236149937973778,2.250449835588597,2.062260578744599,1.0296553536505257,0.947428780145799,2.042995582677804,0.5863362905574832,1.4163983454382105,2.164951964646434,0.7541468504404065,0.41277850840947394,3.347323243773303,2.5308254876383103,1.7359425427110295,0.43025893867184095,1.5712677901896086,0.5921909041092022,0.6541383159561747,0.6973775123156543,0.6089062688128593,2.467287886942586,1.9681387026163861,2.0456866388281014,1.943145783435284,0.8141214514639046,0.623941308363726,0.7052091142863333,2.043860490918348,0.623385840405092,0.5145970736386403,0.39835329670029296,1.9460974597487848,0.8944540312893423,1.9582067193566104,1.8840940069987369,9.77724322705609,0.6634329663796734,1.9437306770015539,0.7699380890871339,0.6967565570145098,0.48730271046616735,1.9431790811829046,0.5117689413601738,0.6811684679097425,0.5041510523601573,0.46522153216733386,1.7083039082854157,0.44123334288485694,0.6354987438878084,0.5847918899033857,0.48797790879115155,0.987599065852578,0.5080688858867575,0.48000961891392535,1.1279606507204107,0.7925835989940424,0.6027228113701426,1.1445758643019985,1.9011867103927784,0.5172113096095927,1.9431410314135178,1.4691296679721972,1.948064219345099,1.8075280422126525,0.5291604861827182,1.1391569413542015,0.8577533202197856,0.4477527981449043,1.8753411512205957,0.5081305120677371,1.9462743160345326,1.9458268949649096,1.9602748281276376,0.811877907557573,1.9435469939350014,7.723488504110378
29,1.6429571617940155,0.5068311765516,0.5066015241874879,0.7455629445491923,0.6990413684955001,1.9460390502472933,2.2342032470339177,0.7636756550507471,2.047701732986411,1.9474059312649388,0.7965475012957199,8.274049261183393,1.3090634638550682,3.865599808054071,0.504882106474497,3.0401911111163713,1.2985911487151043,1.4109466900329721,1.416898983426222,3.232396570374476,0.4655983673524702,0.4550408082034778,0.6486949409957674,1.7298829158059448,1.9751063837120455,2.237560225101447,2.2215009518128,1.9497575971184347,5.915115552394752,0.7958890388065925,0.6659009082692933,1.9433617217726464,0.5926419802621581,0.553787008958011,2.2302807637212823,1.2085819121499526,0.6422379906250058,0.7928919802194514,1.1905882036672892,2.6113000063877507,0.5653486732750252,1.9679600623159672,0.8330044583828453,0.7910583237543278,0.5044119354645886,1.9604457595424378,0.5653315503802219,0.7323499324470504,0.4289660427307922,0.5615679480128506,0.4706378312131392,0.48305483762635504,0.6425416933516885,0.4777358528988316,3.5553541082276183,0.6416229692550246,0.48303358943394414,0.5729498632874197,6.08381331293873,0.6260407076932779,0.6222102248688088,0.787418110305282,1.770980630074007,0.49319856208745705,1.9438808148535713,3.122747196805051,1.9512078931490464,1.7443674393780384,0.49855621218927126,1.0990004751557194,0.7920556467361735,0.45159074063133176,1.8375382591611924,0.48351052282839646,1.9432304880855895,1.9467389246711377,1.9533166323448086,0.7493830641964223,1.9431650866328027,8.037371177465161
